Trial ID,Testbed,Trial Number,Start Time,Notes
Baseline_T01,Baseline,01,2026-08-19T11:57:09,
TB2_T01,TB2,01,2026-08-19T12:01:42,
TB1_T01,TB1,01,2026-08-19T12:02:52,
TB4_T01,TB4,01,2026-08-19T12:03:49,
TB3_T01,TB3,01,2026-08-19T12:04:58,
Baseline_T01,Baseline,01,2026-08-19T12:06:14,
TB1_T01,TB1,01,2026-08-19T12:09:09,
TB1_T02,TB1,02,2026-08-19T12:14:30,
TB1_T02,TB1,02,2026-08-19T12:15:54,
TB2_T02,TB2,02,2026-08-19T12:16:57,
Hardness_30_T01,Hardness_30,30,01,2026-08-19T12:25:06,
Hardness_10_T01,Hardness_10,10,01,2026-08-19T12:26:06,
Hardness_20_T01,Hardness_20,20,01,2026-08-19T12:27:21,
Hardness_50_T01,Hardness_50,50,01,2026-08-19T12:28:21,
Gel_T01,Gel,N/A,01,2026-08-19T12:29:19,
No_Testbed_T01,No_Testbed,N/A,01,2026-08-19T12:30:14,
No_Testbed_T02,No_Testbed,N/A,02,2026-08-19T12:31:07,
Hardness_20_T02,Hardness_20,20,02,2026-08-19T12:34:51,
Hardness_10_T02,Hardness_10,10,02,2026-08-19T12:36:22,
Hardness_50_T02,Hardness_50,50,02,2026-08-19T12:37:32,
Hardness_30_T02,Hardness_30,30,02,2026-08-19T12:38:48,
Hardness_10_T02,Hardness_10,10,02,2026-08-19T12:41:55,
Gel_T02,Gel,N/A,02,2026-08-19T12:57:23,
Gel_T03,Gel,N/A,03,2026-08-19T13:01:35,
Hardness_10_T03,Hardness_10,10,03,2026-08-19T13:03:12,
Hardness_20_T03,Hardness_20,20,03,2026-08-19T13:05:12,
Hardness_30_T03,Hardness_30,30,03,2026-08-19T13:07:08,
Hardness_50_T03,Hardness_50,50,03,2026-08-19T13:08:38,
No_Testbed_T03,No_Testbed,N/A,03,2026-08-19T13:10:22,
No_Testbed_T04,No_Testbed,N/A,04,2026-08-20T13:58:25,
No_Testbed_T03,No_Testbed,N/A,03,2026-08-21T10:30:45,
Hardness_20_T03,Hardness_20,20,03,2026-08-21T10:31:57,
Hardness_20_T4,Hardness_20,20,4,2026-08-21T10:49:17,
Hardness_20_T04,Hardness_20,20,04,2026-08-21T10:51:21,
No_Testbed_T03,No_Testbed,N/A,03,2026-08-21T10:52:58,
No_Testbed_T03,No_Testbed,N/A,03,2026-08-21T10:55:15,
Hardness_20_T04,Hardness_20,20,04,2026-08-21T10:57:45,
Hardness_50_T04,Hardness_50,50,04,2026-08-21T10:59:43,
Gel_T04,Gel,N/A,04,2026-08-21T11:01:27,
Gel_T04,Gel,N/A,04,2026-08-21T11:03:08,
Hardness_10_T04,Hardness_10,10,04,2026-08-21T11:05:06,
Hardness_10_T04,Hardness_10,10,04,2026-08-21T11:06:18,
Hardness_10_T04,Hardness_10,10,04,2026-08-21T11:09:05,
Hardness_10_T04,Hardness_10,10,04,2026-08-21T11:10:39,
Hardness_10_T04,Hardness_10,10,04,2026-08-21T11:11:57,
Hardness_30_T04,Hardness_30,30,04,2026-08-21T11:14:00,
Hardness_50_T05,Hardness_50,50,05,2026-08-24T14:48:38,
Hardness_50_T02_Instron,Hardness_50,50,02_Instron,2026-08-24T15:13:55,this is along side the instron
Hardness_20_T01_with instron,Hardness_20,20,01_with instron,2026-08-24T15:22:17,
Hardness_20_T01_with instron,Hardness_20,20,01_with instron,2026-08-24T15:24:25,
Hardness_10_T01_with instron,Hardness_10,10,01_with instron,2026-08-24T15:33:33,
Hardness_10_T02_with instron,Hardness_10,10,02_with instron,2026-08-24T15:35:32,
Hardness_30_T01_with instron,Hardness_30,30,01_with instron,2026-08-24T15:38:13,
Hardness_30_T02_with instron,Hardness_30,30,02_with instron,2026-08-24T15:41:12,
No_Testbed_T01_with instron,No_Testbed,N/A,01_with instron,2026-08-24T15:45:31,
No_Testbed_T01_with instron,No_Testbed,N/A,01_with instron,2026-08-24T15:48:56,
Gel_T01_with instron,Gel,N/A,01_with instron,2026-08-24T15:53:18,
Gel_T02_with instron,Gel,N/A,02_with instron,2026-08-24T15:54:32,
Hardness_10_T01,Hardness_10,10,01,2026-09-01T11:23:22,
Hardness_10_T_02,Hardness_10,10,_02,2026-09-01T11:28:07,
Hardness_10_T01,Hardness_10,10,01,2026-09-01T11:35:39,
Hardness_10_T01,Hardness_10,10,01,2026-09-01T11:41:19,
Hardness_10_T01,Hardness_10,10,01,2026-09-01T11:43:38,
Hardness_20_T01,Hardness_20,20,01,2026-09-01T11:47:20,
Hardness_30_T01,Hardness_30,30,01,2026-09-01T11:51:20,
Hardness_50_T01,Hardness_50,50,01,2026-09-01T11:54:56,
Gel_T01,Gel,N/A,01,2026-09-01T11:58:35,
Gel_T01,Gel,N/A,01,2026-09-01T14:12:19,
No_Testbed_T01,No_Testbed,N/A,01,2026-09-01T14:16:10,
Hardness_50_T02,Hardness_50,50,02,2026-09-01T14:21:42,
Hardness_30_T02,Hardness_30,30,02,2026-09-01T15:12:43,
Hardness_20_T02,Hardness_20,20,02,2026-09-01T15:16:55,
Hardness_10_T02,Hardness_10,10,02,2026-09-01T15:19:51,
Gel_T02,Gel,N/A,02,2026-09-01T15:22:39,
Gel_T02,Gel,N/A,02,2026-09-01T15:23:42,
No_Testbed_T02,No_Testbed,N/A,02,2026-09-01T15:26:55,
Gel_T02,Gel,N/A,02,2026-09-01T15:29:55,
Rough_H20_R30_T01,Rough,20,30,01,2026-09-09T11:12:32.964,
Rough_H20_R30_T01,Rough,20,30,01,2026-09-09T11:14:21.712,
Rough_H20_R40_T01,Rough,20,40,01,2026-09-09T12:07:26.397,
Rough_H30_R40_T01,Rough,30,40,01,2026-09-09T12:09:56.687,
Rough_H30_R30_T01,Rough,30,30,01,2026-09-09T14:23:23.123,
Rough_H50_R30_T01,Rough,50,30,01,2026-09-09T14:27:57.484,
Rough_H50_R40_T01,Rough,50,40,01,2026-09-09T14:30:55.598,
Rough_H10_R40_T01,Rough,10,40,01,2026-09-09T14:33:07.514,
Rough_H10_R30_T01,Rough,10,30,01,2026-09-09T14:36:15.204,
Rough_H20_R30_T01,Rough,20,30,01,2026-09-10T13:24:50.149,
Rough_H20_R40_T01,Rough,20,40,01,2026-09-10T13:29:03.941,
Smooth_H20_T01,Smooth,20,N/A,01,2026-09-10T13:33:31.987,
Smooth_H20_T02,Smooth,20,N/A,02,2026-09-10T13:36:02.377,
