Time (s),Voltage (V),Resistance (Ohm)
0.0019426345825195312,4.14,159405.79
0.003932952880859375,4.14,157986.06
0.005470752716064453,4.14,159532.12
0.007052898406982422,4.13,157696.31
0.008517265319824219,4.14,158235.04
0.0096588134765625,4.14,157820.4
0.009984970092773438,4.14,158568.12
0.010301828384399414,4.14,158526.45
0.01061701774597168,4.14,158235.04
0.010931015014648438,4.14,158609.81
0.011246442794799805,4.14,158401.43
0.011559724807739258,4.14,158818.64
0.011871576309204102,4.14,158526.45
0.01218557357788086,4.14,158526.45
0.012495994567871094,4.13,157489.92
0.012810230255126953,4.14,158526.45
0.013121843338012695,4.13,156996.45
0.013445377349853516,4.14,158401.43
0.01374959945678711,4.13,156791.57
0.014054059982299805,4.14,158443.06
0.014356851577758789,4.13,156791.57
0.014661312103271484,4.19,170955.5
0.014963388442993164,4.13,156832.48
0.01526641845703125,4.2,172048.53
0.015578508377075195,4.13,157531.12
0.01587390899658203,4.19,170766.57
0.01617741584777832,4.13,156873.43
0.016483068466186523,4.19,169874.04
0.016773223876953125,4.13,156914.37
0.017061948776245117,4.18,169128.53
0.017362356185913086,4.13,156709.68
0.01764202117919922,4.18,167836.85
0.017921924591064453,4.13,156709.68
0.018203020095825195,4.17,166652.12
0.01849532127380371,4.13,157078.48
0.018767833709716797,4.17,166697.4
0.01904129981994629,4.13,156955.34
0.019313812255859375,4.17,166516.28
0.019596338272094727,4.13,156791.57
0.019861698150634766,4.17,166290.39
0.02013373374938965,4.14,157820.4
0.02039957046508789,4.17,166019.98
0.02066779136657715,4.14,157986.06
0.026086807250976562,4.17,165302.46
0.038156747817993164,4.14,157903.14
0.05041146278381348,4.16,164456.95
0.0640554428100586,4.13,157201.76
0.07564592361450195,4.16,163136.71
0.08710169792175293,4.13,157078.48
0.09930539131164551,4.16,162874.81
0.11153984069824219,4.13,157489.92
0.12378525733947754,4.16,162439.68
0.1325206756591797,4.13,157572.48
0.14458203315734863,4.15,161317.7
0.1568775177001953,4.14,157986.06
0.1702413558959961,4.15,161877.14
0.18272852897644043,4.14,158068.95
0.19507551193237305,4.15,161446.54
0.20613837242126465,4.14,158359.84
0.2186141014099121,4.15,160293.34
0.23091673851013184,4.14,158401.43
0.24328374862670898,4.14,159532.12
0.2559390068054199,4.14,158068.95
0.26778149604797363,4.14,158609.81
0.279679536819458,4.14,158068.95
0.2930774688720703,4.14,158276.59
0.3040757179260254,4.14,157903.14
0.3166046142578125,4.13,157613.75
0.32614922523498535,4.14,157779.04
0.3385047912597656,4.13,157572.48
0.3508472442626953,4.14,158359.84
0.3631563186645508,4.13,157407.53
0.37536096572875977,4.14,158986.04
0.3877067565917969,4.13,157696.31
0.40015077590942383,4.14,158651.53
0.4122142791748047,4.13,157283.96
0.42469096183776855,4.14,158568.12
0.436739444732666,4.13,156955.34
0.44910550117492676,4.19,171381.81
0.46111369132995605,4.13,156709.68
0.473130464553833,4.19,170530.95
0.4851553440093994,4.13,156668.81
0.4972951412200928,4.18,169314.4
0.509319543838501,4.13,156587.03
0.5187869071960449,4.18,168665.32
0.5310168266296387,4.13,156996.45
0.543281078338623,4.18,168526.75
0.5557568073272705,4.13,157283.96
0.5679833889007568,4.18,168342.29
0.5800399780273438,4.13,157119.51
0.5924406051635742,4.18,167379.46
0.6047892570495605,4.13,157037.45
0.6170146465301514,4.17,166064.98
0.6292953491210938,4.13,156996.45
0.6403605937957764,4.17,165705.35
0.6527361869812012,4.13,157448.7
0.6649587154388428,4.17,164945.6
0.6771693229675293,4.13,157489.92
0.6894569396972656,4.17,164945.6
0.7015514373779297,4.13,157489.92
0.7112412452697754,4.16,164456.95
0.7233874797821045,4.13,157201.76
0.734734058380127,4.16,163794.62
0.746962308883667,4.13,157737.71
0.7592551708221436,4.16,163311.73
0.7716653347015381,4.14,157861.75
0.7837533950805664,4.15,162093.14
0.796196460723877,4.14,157820.4
0.8084969520568848,4.15,161833.89
0.8212490081787109,4.13,157572.48
0.8339998722076416,4.15,161146.2
0.8451852798461914,4.13,157531.12
0.8571887016296387,4.15,160463.34
0.8696017265319824,4.13,157366.35
0.8816635608673096,4.15,159996.56
0.8940889835357666,4.14,157861.75
0.9030635356903076,4.14,158735.09
0.9159157276153564,4.14,157986.06
0.9270243644714355,4.14,159532.12
0.9392504692077637,4.14,158235.04
0.9514639377593994,4.14,159658.5
0.963690996170044,4.14,158318.26
0.9760959148406982,4.14,159447.84
0.9884176254272461,4.14,158193.51
1.0009214878082275,4.14,158693.23
1.0132346153259277,4.14,158110.42
1.0255537033081055,4.14,157986.06
1.0374343395233154,4.14,158110.42
1.0505754947662354,4.13,157613.75
1.0626556873321533,4.14,157986.06
1.0747411251068115,4.13,157531.12
1.086531400680542,4.14,157779.04
1.0949385166168213,4.13,157037.45
1.1086108684539795,4.14,157861.75
1.1207528114318848,4.13,157037.45
1.1329998970031738,4.14,158693.23
1.1456201076507568,4.13,157078.48
1.156278371810913,4.2,172000.79
1.1685471534729004,4.13,156955.34
1.1808340549468994,4.19,170719.42
1.193080186843872,4.13,156791.57
1.2055282592773438,4.18,169360.9
1.2175931930541992,4.13,156791.57
1.2299695014953613,4.18,169360.9
1.2420673370361328,4.13,156709.68
1.2550759315490723,4.18,169082.01
1.267078161239624,4.13,156179.46
1.2789843082427979,4.18,168665.32
1.2889595031738281,4.13,157037.45
1.3011994361877441,4.18,167607.95
1.3133153915405273,4.13,156914.37
1.325789451599121,4.18,167197.21
1.3378551006317139,4.14,157903.14
1.3501627445220947,4.17,166561.62
1.3623850345611572,4.13,157655.01
1.3745558261871338,4.17,165750.32
1.3863608837127686,4.13,157613.75
1.3983287811279297,4.16,164545.67
1.410576343536377,4.13,156996.45
1.4229042530059814,4.16,163399.32
1.435154914855957,4.13,157325.1
1.4476006031036377,4.16,162396.32
1.4591104984283447,4.13,157655.01
1.471327781677246,4.16,162526.6
1.480970859527588,4.13,157366.35
1.493453025817871,4.15,162093.14
1.5058491230010986,4.13,157489.92
1.5181207656860352,4.15,161963.43
1.5296764373779297,4.14,157944.65
1.542665958404541,4.15,160590.95
1.5551128387451172,4.14,158235.04
1.5672202110290527,4.15,160038.87
1.5795190334320068,4.14,157986.06
1.5918691158294678,4.15,159996.56
1.60355544090271,4.14,157903.14
1.6150312423706055,4.14,159153.75
1.627378225326538,4.14,157779.04
1.6396186351776123,4.14,158693.23
1.6517961025238037,4.14,157861.75
1.6601104736328125,4.14,157986.06
1.672337532043457,4.14,157944.65
1.6856615543365479,4.14,157944.65
1.6983189582824707,4.14,158484.7
1.7106297016143799,4.14,158735.09
1.7216038703918457,4.14,158902.34
1.7339167594909668,4.14,158276.59
1.746095895767212,4.14,158401.43
1.7584192752838135,4.13,157572.48
1.7708501815795898,4.14,158235.04
1.7829947471618652,4.13,157160.59
1.7961773872375488,4.14,158443.06
1.8084540367126465,4.13,156955.34
1.8203601837158203,4.14,158235.04
1.8319060802459717,4.13,156832.48
1.8444759845733643,4.14,158359.84
1.8539600372314453,4.13,156832.48
1.8662490844726562,4.14,158318.26
1.8784985542297363,4.13,157037.45
1.890782356262207,4.19,171429.28
1.9018363952636719,4.13,157078.48
1.9140915870666504,4.19,170955.5
1.9266648292541504,4.13,156832.48
1.9390246868133545,4.19,171097.43
1.9517998695373535,4.13,156914.37
1.9631779193878174,4.19,169687.12
1.9753432273864746,4.13,156627.96
1.9887938499450684,4.18,168250.23
2.0008885860443115,4.13,156464.65
2.0128087997436523,4.18,167151.59
2.0252268314361572,4.13,156996.45
2.0369699001312256,4.17,166516.28
2.0465288162231445,4.13,156750.56
2.058824062347412,4.17,165570.92
2.0710561275482178,4.13,157613.75
2.081982135772705,4.17,165213.07
2.0942349433898926,4.14,157820.4
2.1064534187316895,4.17,165168.46
2.118868112564087,4.13,157737.71
2.1323153972625732,4.17,164945.6
2.1455047130584717,4.13,157489.92
2.1556830406188965,4.16,164103.23
2.1679511070251465,4.13,157366.35
2.1800997257232666,4.16,162831.12
2.1924116611480713,4.13,157407.53
2.205355405807495,4.15,161790.79
2.2174336910247803,4.13,157489.92
2.2289369106292725,4.15,161532.46
2.2376058101654053,4.14,158068.95
2.2498421669006348,4.15,161189.01
2.262373685836792,4.14,158193.51
2.2745468616485596,4.15,160846.89
2.2870078086853027,4.14,158235.04
2.2996084690093994,4.15,160166.01
2.3121695518493652,4.14,158568.12
2.324855327606201,4.14,159954.26
2.3372292518615723,4.14,158276.59
2.349534511566162,4.14,158986.04
2.361783027648926,4.13,157737.71
2.372704029083252,4.14,159069.81
2.3849282264709473,4.13,157737.71
2.3970959186553955,4.14,158484.7
2.4094815254211426,4.14,157986.06
2.421673059463501,4.14,158359.84
2.4304606914520264,4.14,158027.5
2.4428718090057373,4.13,157655.01
2.45489764213562,4.14,158401.43
2.467238664627075,4.14,157820.4
2.4796831607818604,4.14,158776.85
2.492319345474243,4.14,158401.43
2.5049757957458496,4.14,158860.43
2.517430305480957,4.13,157160.59
2.529493808746338,4.14,158318.26
2.5418860912323,4.13,156791.57
2.5539069175720215,4.14,158318.26
2.56608510017395,4.13,156668.81
2.578144073486328,4.14,158526.45
2.59025239944458,4.13,156260.9
2.6018543243408203,4.19,171002.75
2.61413311958313,4.13,156750.56
2.6236910820007324,4.19,170108.14
2.635986804962158,4.13,156832.48
2.648341417312622,4.19,169874.04
2.6594619750976562,4.13,157201.76
2.6729726791381836,4.18,168572.89
2.6853854656219482,4.13,157283.96
2.697524070739746,4.18,167653.68
2.7098546028137207,4.13,156914.37
2.7220871448516846,4.17,166245.28
2.7343552112579346,4.13,157160.59
2.7464704513549805,4.17,166019.98
2.7575905323028564,4.13,157283.96
2.7700557708740234,4.17,165168.46
2.7821044921875,4.13,157037.45
2.794532060623169,4.16,164412.68
2.806727886199951,4.13,156832.48
2.8156824111938477,4.16,164412.68
2.8284735679626465,4.13,156955.34
2.8407375812530518,4.16,163530.95
2.8530375957489014,4.13,157737.71
2.8654024600982666,4.16,163268.0
2.8777763843536377,4.14,158068.95
2.889974355697632,4.16,163882.73
2.9022533893585205,4.14,157779.04
2.914604425430298,4.16,163224.14
2.926840305328369,4.13,157242.85
2.9389305114746094,4.15,162222.9
2.9509849548339844,4.13,157407.53
2.963027238845825,4.15,162049.93
2.9746270179748535,4.13,157531.12
2.987039566040039,4.15,160676.23
2.9953808784484863,4.13,157613.75
3.007982015609741,4.15,160463.34
3.020667791366577,4.14,157861.75
3.0321614742279053,4.15,160804.1
3.0444788932800293,4.14,158152.03
3.0570433139801025,4.15,160548.39
3.0691659450531006,4.14,158110.42
3.081176519393921,4.14,159700.78
3.093838930130005,4.14,158027.5
3.1063175201416016,4.14,158902.34
3.119213104248047,4.13,157696.31
3.1313297748565674,4.14,158359.84
3.14333176612854,4.13,157655.01
3.1547751426696777,4.14,158152.03
3.167111873626709,4.14,158068.95
3.1795918941497803,4.14,158443.06
3.1889827251434326,4.14,158152.03
3.2001571655273438,4.13,157737.71
3.2122886180877686,4.14,158484.7
3.2257168292999268,4.14,158110.42
3.238429307937622,4.14,158986.04
3.2504801750183105,4.14,157779.04
3.2614617347717285,4.14,158693.23
3.273850202560425,4.13,157613.75
3.28595232963562,4.14,158276.59
3.2994112968444824,4.13,156832.48
3.3107664585113525,4.14,158235.04
3.3237414360046387,4.13,156873.43
3.3353240489959717,4.14,157986.06
3.3475759029388428,4.13,156505.42
3.359619140625,4.14,158359.84
3.3719911575317383,4.13,156342.31
3.380781650543213,4.14,158276.59
3.3925657272338867,4.13,156546.21
3.4047253131866455,4.19,170436.89
3.4171483516693115,4.13,156832.48
3.4306399822235107,4.19,170483.9
3.442638635635376,4.13,156996.45
3.455270528793335,4.19,169547.23
3.4674086570739746,4.13,156709.68
3.479771614074707,4.18,168665.32
3.492077589035034,4.13,156873.43
3.503072738647461,4.18,167106.1
3.5152931213378906,4.13,157119.51
3.527681350708008,4.17,166471.09
3.5403387546539307,4.13,157325.1
3.5526137351989746,4.17,166200.2
3.564520835876465,4.13,157119.51
3.574024200439453,4.17,166380.75
3.5861895084381104,4.13,157037.45
3.5986526012420654,4.17,165570.92
3.6107428073883057,4.13,157613.75
3.622929096221924,4.17,164678.82
3.6354727745056152,4.14,157820.4
3.647677421569824,4.16,164501.35
3.660160779953003,4.13,157655.01
3.672308921813965,4.16,163838.6
3.6846201419830322,4.13,157283.96
3.6966187953948975,4.16,163706.68
3.7086551189422607,4.13,157119.51
3.7208542823791504,4.16,162831.12
3.7322728633880615,4.13,157366.35
3.7444794178009033,4.15,161661.6
3.7534565925598145,4.13,157283.96
3.765510320663452,4.15,161661.6
3.778059482574463,4.13,157531.12
3.7899603843688965,4.15,161532.46
3.802250385284424,4.14,158110.42
3.81439208984375,4.15,161833.89
3.826775312423706,4.14,157903.14
3.8390278816223145,4.15,160804.1
3.851370096206665,4.14,157986.06
3.863468885421753,4.15,160208.4
3.8760225772857666,4.13,157572.48
3.888339042663574,4.14,159405.79
3.900703191757202,4.14,157861.75
3.912956714630127,4.14,158568.12
3.9254462718963623,4.13,157737.71
3.937412977218628,4.14,158443.06
3.9466335773468018,4.13,157613.75
3.959214210510254,4.14,158443.06
3.971295118331909,4.14,158193.51
3.983543634414673,4.14,157986.06
3.9955780506134033,4.14,158651.53
4.006897926330566,4.14,158401.43
4.019200563430786,4.14,158776.85
4.032715082168579,4.14,158276.59
4.044988632202148,4.14,158318.26
4.05730414390564,4.13,157366.35
4.069494247436523,4.14,158068.95
4.081604957580566,4.13,156996.45
4.093661785125732,4.14,158152.03
4.105055570602417,4.13,156873.43
4.117877006530762,4.14,158235.04
4.129801273345947,4.13,156220.25
4.139327049255371,4.19,170813.75
4.150366306304932,4.13,156301.59
4.162579774856567,4.19,169920.79
4.1756134033203125,4.13,156955.34
4.187036752700806,4.18,169128.53
4.199465751647949,4.13,156914.37
4.211939334869385,4.18,169221.35
4.224186182022095,4.13,156996.45
4.236231803894043,4.18,167974.39
4.248545169830322,4.13,156423.87
4.260931015014648,4.18,167242.75
4.273150444030762,4.13,156179.46
4.28524112701416,4.17,166335.6
4.297586917877197,4.13,157531.12
4.309903860092163,4.17,165660.51
4.32216739654541,4.13,157242.85
4.33084774017334,4.17,164990.1
4.342764377593994,4.13,157037.45
4.355121374130249,4.16,164103.23
4.367239952087402,4.14,157779.04
4.3796234130859375,4.16,163662.75
4.39198899269104,4.13,157613.75
4.404494524002075,4.16,163093.03
4.416818141937256,4.13,157696.31
4.429152488708496,4.15,162179.64
4.441693544387817,4.13,157448.7
4.45421028137207,4.15,161963.43
4.465739727020264,4.13,157366.35
4.4780049324035645,4.15,161360.59
4.490274429321289,4.13,157572.48
4.502476215362549,4.15,160590.95
4.514389276504517,4.13,157448.7
4.522988319396973,4.15,160590.95
4.535531044006348,4.13,157572.48
4.547589063644409,4.15,160166.01
4.561022520065308,4.14,158235.04
4.573291063308716,4.15,160505.85
4.584491968154907,4.14,158235.04
4.596790075302124,4.15,160676.23
4.6103034019470215,4.14,158068.95
4.6225597858428955,4.14,159658.5
4.634687662124634,4.14,157944.65
4.646826505661011,4.14,158986.04
4.658880949020386,4.13,157696.31
4.671022653579712,4.14,158484.7
4.683187007904053,4.14,157944.65
4.695219278335571,4.14,158359.84
4.704500436782837,4.13,157696.31
4.716630220413208,4.14,158027.5
4.728946685791016,4.14,157903.14
4.741286516189575,4.14,158484.7
4.753917455673218,4.14,158568.12
4.764730930328369,4.14,158193.51
4.778080463409424,4.14,158526.45
4.790383815765381,4.13,157448.7
4.801630258560181,4.14,158818.64
4.813945055007935,4.13,157613.75
4.826468229293823,4.14,158193.51
4.838860750198364,4.13,156832.48
4.851440906524658,4.14,158193.51
4.863629341125488,4.13,156220.25
4.875661373138428,4.14,157861.75
4.887705564498901,4.13,156016.92
4.896928071975708,4.19,171334.39
4.909120321273804,4.13,156464.65
4.920339345932007,4.19,170672.29
4.9326395988464355,4.13,156832.48
4.946099758148193,4.19,169967.68
4.958383798599243,4.13,157325.1
4.970649003982544,4.18,169267.81
4.9830029010772705,4.13,156996.45
4.995197296142578,4.18,167699.42
5.0075225830078125,4.13,156546.21
5.01979660987854,4.18,167060.64
5.030933618545532,4.13,156873.43
5.04304051399231,4.17,165750.32
5.055431604385376,4.13,157283.96
5.067675590515137,4.17,165347.14
5.079952955245972,4.13,157283.96
5.089057207107544,4.17,164945.6
5.10173773765564,4.13,157242.85
5.113588571548462,4.17,165302.46
5.125127792358398,4.13,157613.75
5.137439966201782,4.16,164501.35
5.149627685546875,4.13,157489.92
5.161953926086426,4.16,164235.67
5.174311876296997,4.14,158193.51
5.186575889587402,4.16,162918.39
5.199036598205566,4.14,157903.14
5.211564302444458,4.15,162093.14
5.22369384765625,4.13,157325.1
5.235608100891113,4.15,161532.46
5.24842095375061,4.13,157737.71
5.260493993759155,4.15,160505.85
5.2726051807403564,4.13,157696.31
5.281930685043335,4.14,159321.73
5.294066905975342,4.13,157655.01
5.305309772491455,4.14,159532.12
5.317697286605835,4.14,158027.5
5.330020904541016,4.14,159616.35
5.342432260513306,4.14,158152.03
5.355184316635132,4.14,159658.5
5.366879940032959,4.14,158568.12
5.379152297973633,4.14,159069.81
5.392441749572754,4.14,157903.14
5.404778718948364,4.14,158359.84
5.416801452636719,4.14,158068.95
5.428963899612427,4.13,157613.75
5.441027641296387,4.14,157903.14
5.453002691268921,4.13,156996.45
5.465148687362671,4.14,157861.75
5.474458932876587,4.13,156750.56
5.486607789993286,4.14,158152.03
5.49898362159729,4.13,157531.12
5.511244297027588,4.14,158484.7
5.522432804107666,4.13,157242.85
5.53494930267334,4.14,158902.34
5.5472283363342285,4.13,156587.03
5.559563875198364,4.14,158609.81
5.572187423706055,4.13,156505.42
5.584928035736084,4.19,170483.9
5.597224712371826,4.13,156546.21
5.6092822551727295,4.19,169593.84
5.621351957321167,4.13,156423.87
5.633336067199707,4.18,168850.25
5.6454994678497314,4.13,156383.03
5.657443523406982,4.18,168480.62
5.666860818862915,4.13,156301.59
5.679257392883301,4.18,168526.75
5.6914496421813965,4.13,156627.96
5.703827381134033,4.18,167151.59
5.71608304977417,4.13,157572.48
5.728272438049316,4.17,166924.25
5.740558624267578,4.13,157696.31
5.7517781257629395,4.17,165750.32
5.764218807220459,4.13,157407.53
5.776726245880127,4.17,165168.46
5.788936376571655,4.13,157037.45
5.800800561904907,4.16,164235.67
5.812928199768066,4.13,157242.85
5.825308799743652,4.16,163970.82
5.837677001953125,4.13,157448.7
5.849694490432739,4.16,163487.09
5.858197450637817,4.13,157366.35
5.871703386306763,4.16,162918.39
5.884105443954468,4.14,157779.04
5.896308422088623,4.16,163355.53
5.90859842300415,4.13,157531.12
5.91976261138916,4.16,162700.54
5.933117151260376,4.13,157613.75
5.945377826690674,4.15,161790.79
5.957793235778809,4.13,157572.48
5.970041036605835,4.15,160676.23
5.982204437255859,4.13,157572.48
5.993321418762207,4.15,160081.31
6.006306409835815,4.13,157613.75
6.018399477005005,4.14,159827.39
6.030414342880249,4.13,157489.92
6.039597749710083,4.14,159321.73
6.051998138427734,4.14,157779.04
6.0642735958099365,4.14,159237.64
6.076515436172485,4.14,158359.84
6.088839769363403,4.14,158568.12
6.10111403465271,4.14,158484.7
6.113317012786865,4.14,158568.12
6.1246020793914795,4.14,158484.7
6.136796712875366,4.14,158193.51
6.1490795612335205,4.14,158276.59
6.162521839141846,4.13,157201.76
6.17461371421814,4.14,157944.65
6.186673402786255,4.13,156627.96
6.198858022689819,4.14,158110.42
6.210214376449585,4.13,156505.42
6.222718715667725,4.14,158318.26
6.2312657833099365,4.13,156301.59
6.243254899978638,4.14,158068.95
6.255573987960815,4.13,156668.81
6.267854928970337,4.19,170813.75
6.280015707015991,4.13,157119.51
6.292402029037476,4.19,170625.2
6.305107116699219,4.13,156873.43
6.3171679973602295,4.18,168850.25
6.32935643196106,4.13,156464.65
6.341634273529053,4.18,167699.42
6.354074001312256,4.13,156464.65
6.366302013397217,4.18,167197.21
6.378468036651611,4.13,157325.1
6.390519857406616,4.17,166833.5
6.402950763702393,4.13,157325.1
6.415203094482422,4.18,167379.46
6.424571752548218,4.13,156668.81
6.436604261398315,4.17,166471.09
6.448030471801758,4.13,157448.7
6.461655378341675,4.17,166516.28
6.473986864089966,4.13,157531.12
6.486061096191406,4.17,166019.98
6.498326063156128,4.14,157779.04
6.510614633560181,4.17,164945.6
6.5229551792144775,4.13,157613.75
6.534117221832275,4.16,164545.67
6.546313047409058,4.13,156873.43
6.558783292770386,4.16,163355.53
6.571082830429077,4.13,156873.43
6.5832860469818115,4.16,162613.48
6.595489263534546,4.13,157078.48
6.6075098514556885,4.15,161747.71
6.61698579788208,4.13,156996.45
6.629441499710083,4.15,161360.59
6.641782522201538,4.14,157944.65
6.653958797454834,4.15,161618.46
6.66643500328064,4.13,157696.31
6.677427053451538,4.15,160975.01
6.689735651016235,4.13,157737.71
6.703184127807617,4.15,160166.01
6.71550440788269,4.14,158152.03
6.727716684341431,4.14,159785.15
6.739974737167358,4.14,157820.4
6.751125812530518,4.14,159405.79
6.7632105350494385,4.13,157696.31
6.77550482749939,4.14,158693.23
6.7877466678619385,4.14,157903.14
6.800106763839722,4.14,158401.43
6.80854868888855,4.14,157861.75
6.820826053619385,4.13,157737.71
6.83291220664978,4.14,158193.51
6.845409154891968,4.13,157655.01
6.857754707336426,4.14,158568.12
6.87038516998291,4.13,157407.53
6.883002042770386,4.14,158735.09
6.895575284957886,4.14,157861.75
6.90788459777832,4.14,158401.43
6.92024040222168,4.13,157119.51
6.9324259757995605,4.14,158152.03
6.944629907608032,4.13,156873.43
6.956613063812256,4.14,158110.42
6.968775749206543,4.13,156220.25
6.980769634246826,4.19,170719.42
6.992683410644531,4.13,156587.03
7.002238035202026,4.19,170389.89
7.014430999755859,4.13,156342.31
7.02667760848999,4.18,168942.96
7.03791356086731,4.13,156955.34
7.050375699996948,4.18,168526.75
7.062734842300415,4.13,156955.34
7.07512640953064,4.18,167425.18
7.087854862213135,4.13,156587.03
7.100479602813721,4.17,166924.25
7.1126463413238525,4.13,156996.45
7.12375283241272,4.17,166019.98
7.136027097702026,4.13,157037.45
7.148205518722534,4.17,165615.7
7.160436630249023,4.13,157119.51
7.172767639160156,4.17,164945.6
7.184891700744629,4.13,157119.51
7.193515777587891,4.17,164812.06
7.205864667892456,4.13,156873.43
7.218104362487793,4.16,164545.67
7.2302565574646,4.13,157160.59
7.242589235305786,4.16,164103.23
7.254958152770996,4.14,157903.14
7.267158269882202,4.16,162831.12
7.27943754196167,4.14,157861.75
7.291698932647705,4.15,162049.93
7.304031610488892,4.13,157407.53
7.316220760345459,4.15,161618.46
7.328535079956055,4.13,157160.59
7.340799570083618,4.15,160420.73
7.353199481964111,4.13,157325.1
7.365261554718018,4.15,160676.23
7.377328157424927,4.13,157655.01
7.386136054992676,4.15,160038.87
7.398497819900513,4.13,157737.71
7.4105682373046875,4.14,159658.5
7.42294454574585,4.14,158193.51
7.435165643692017,4.14,159616.35
7.447377443313599,4.14,157986.06
7.460556507110596,4.14,159237.64
7.473099231719971,4.14,157986.06
7.485631227493286,4.14,158568.12
7.497836351394653,4.14,158110.42
7.5099310874938965,4.14,157944.65
7.521900177001953,4.14,157986.06
7.534130573272705,4.13,157407.53
7.545462131500244,4.14,158027.5
7.55805516242981,4.13,157572.48
7.567427635192871,4.14,157820.4
7.57960057258606,4.13,157531.12
7.590804576873779,4.14,158110.42
7.603185653686523,4.13,157489.92
7.616466283798218,4.14,159027.92
7.628981351852417,4.13,157037.45
7.64113187789917,4.14,158693.23
7.653594493865967,4.13,156832.48
7.665809154510498,4.14,158944.18
7.677918434143066,4.13,156464.65
7.690301179885864,4.19,170342.81
7.701252698898315,4.13,156342.31
7.713504791259766,4.19,169500.53
7.726040840148926,4.13,156342.31
7.737915992736816,4.18,168896.65
7.750442743301392,4.13,156138.84
7.758864402770996,4.18,168526.75
7.771357536315918,4.13,156709.68
7.783593416213989,4.18,167425.18
7.796551704406738,4.13,157407.53
7.807796478271484,4.17,166742.7
7.821323871612549,4.14,157779.04
7.833615303039551,4.17,166471.09
7.845879793167114,4.14,157903.14
7.857213973999023,4.17,166064.98
7.869477033615112,4.13,157283.96
7.882819890975952,4.17,164901.1
7.894869804382324,4.13,156996.45
7.906815528869629,4.16,164103.23
7.919026613235474,4.13,157366.35
7.931017875671387,4.16,162962.0
7.943053960800171,4.13,157242.85
7.952422142028809,4.16,163838.6
7.964661598205566,4.13,157119.51
7.976980209350586,4.16,163750.64
7.9892213344573975,4.13,157489.92
8.001544952392578,4.16,163224.14
8.01382303237915,4.14,157861.75
8.02488398551941,4.16,162483.2
8.037271499633789,4.14,157779.04
8.050710916519165,4.16,162266.32
8.062929391860962,4.13,157407.53
8.07520055770874,4.15,161317.7
8.087186098098755,4.13,157655.01
8.09939432144165,4.15,160718.84
8.111353635787964,4.13,157489.92
8.12343955039978,4.15,160166.01
8.135175704956055,4.14,157944.65
8.143598318099976,4.14,159321.73
8.156036853790283,4.13,157572.48
8.169111013412476,4.14,158651.53
8.18083119392395,4.14,158401.43
8.193215608596802,4.14,158776.85
8.205337285995483,4.14,158693.23
8.218035221099854,4.14,158609.81
8.229830741882324,4.14,158401.43
8.243113994598389,4.14,157861.75
8.254374742507935,4.14,157944.65
8.266483545303345,4.13,157242.85
8.278964281082153,4.14,158235.04
8.29115629196167,4.13,156750.56
8.30350947380066,4.14,158152.03
8.315842866897583,4.13,156955.34
8.327906370162964,4.14,158110.42
8.337408304214478,4.13,156627.96
8.34962010383606,4.14,158027.5
8.360821723937988,4.13,156914.37
8.373109817504883,4.14,158568.12
8.385290384292603,4.13,156791.57
8.39779019355774,4.19,171334.39
8.410208702087402,4.13,156709.68
8.422274589538574,4.19,169967.68
8.435866832733154,4.13,156873.43
8.447898149490356,4.18,168158.17
8.459077596664429,4.13,156423.87
8.471496820449829,4.18,167928.54
8.483859539031982,4.13,156832.48
8.496084928512573,4.18,167060.64
8.508345603942871,4.13,156914.37
8.520265817642212,4.17,165975.01
8.529853820800781,4.13,156627.96
8.542208909988403,4.17,165213.07
8.554476022720337,4.13,157283.96
8.566753149032593,4.17,166019.98
8.577966690063477,4.13,157737.71
8.590190410614014,4.17,164678.82
8.60239553451538,4.13,157737.71
8.615825414657593,4.16,164014.9
8.628113985061646,4.13,157407.53
8.640414237976074,4.16,163838.6
8.652615785598755,4.13,157201.76
8.6647367477417,4.16,163136.71
8.67683744430542,4.13,156996.45
8.688793182373047,4.15,162136.39
8.7004976272583,4.13,157283.96
8.70900273323059,4.15,161360.59
8.721355438232422,4.13,157613.75
8.733930110931396,4.15,161489.5
8.746529817581177,4.14,158068.95
8.759259462356567,4.15,162136.39
8.771525621414185,4.14,157986.06
8.783835649490356,4.15,161146.2
8.795038223266602,4.14,158152.03
8.807483673095703,4.15,160761.46
8.819913864135742,4.14,158110.42
8.832576513290405,4.14,159616.35
8.845226526260376,4.13,157655.01
8.857022047042847,4.14,159237.64
8.869258880615234,4.13,157531.12
8.880647897720337,4.14,158318.26
8.89315915107727,4.13,157613.75
8.901407718658447,4.14,158276.59
8.913696765899658,4.13,157655.01
8.926799297332764,4.14,158110.42
8.93944263458252,4.14,158484.7
8.951680183410645,4.14,158152.03
8.9640634059906,4.14,158986.04
8.975249528884888,4.14,158152.03
8.988601446151733,4.14,158651.53
9.0009446144104,4.14,157944.65
9.013180255889893,4.14,158193.51
9.024702310562134,4.13,156832.48
9.036764860153198,4.14,158193.51
9.048799991607666,4.13,156260.9
9.061101198196411,4.14,158027.5
9.073821544647217,4.13,156301.59
9.085788011550903,4.14,157944.65
9.095208168029785,4.13,156260.9
9.107419967651367,4.14,157944.65
9.119672536849976,4.13,156627.96
9.132017135620117,4.19,170483.9
9.143203020095825,4.13,156668.81
9.155661344528198,4.19,170295.85
9.167930841445923,4.13,156668.81
9.180079698562622,4.19,169967.68
9.192710876464844,4.13,156832.48
9.205235242843628,4.18,168850.25
9.217920064926147,4.13,156750.56
9.22996187210083,4.18,167699.42
9.242136001586914,4.13,156709.68
9.253517389297485,4.17,166924.25
9.265758991241455,4.13,156996.45
9.279547452926636,4.17,165705.35
9.287669897079468,4.13,157037.45
9.299850225448608,4.17,165615.7
9.311628341674805,4.13,157366.35
9.32351541519165,4.17,165347.14
9.335981130599976,4.13,157696.31
9.347870826721191,4.17,164634.34
9.360197305679321,4.13,157737.71
9.372811079025269,4.16,163574.82
9.384710788726807,4.13,157572.48
9.397241592407227,4.16,162831.12
9.409536600112915,4.13,157366.35
9.422312259674072,4.15,162136.39
9.434559345245361,4.13,157283.96
9.446020126342773,4.15,161403.51
9.45818042755127,4.13,157655.01
9.470493793487549,4.15,161103.4
9.478963851928711,4.14,157779.04
9.491519451141357,4.15,161060.62
9.503971576690674,4.14,157861.75
9.516435146331787,4.15,160761.46
9.528147220611572,4.14,158027.5
9.540717363357544,4.15,160420.73
9.553072929382324,4.14,157903.14
9.564889669418335,4.14,159658.5
9.577179670333862,4.14,157861.75
9.589769840240479,4.14,159616.35
9.601969480514526,4.13,157655.01
9.61441946029663,4.14,159027.92
9.626884460449219,4.13,157325.1
9.638370275497437,4.14,158902.34
9.650667667388916,4.13,157489.92
9.660353660583496,4.14,158693.23
9.671648740768433,4.14,157779.04
9.683761596679688,4.14,158526.45
9.696196556091309,4.14,158276.59
9.708720207214355,4.14,158068.95
9.721669435501099,4.14,158651.53
9.734004974365234,4.14,158027.5
9.746385097503662,4.14,158651.53
9.758507251739502,4.14,157820.4
9.769768953323364,4.14,158443.06
9.782179355621338,4.13,157283.96
9.794456005096436,4.14,158027.5
9.806418895721436,4.13,156955.34
9.818926334381104,4.14,157903.14
9.831068754196167,4.13,156342.31
9.843537330627441,4.14,158193.51
9.85258150100708,4.13,156260.9
9.864927530288696,4.14,157944.65
9.877443075180054,4.13,156587.03
9.88965654373169,4.19,171050.14
9.90071988105774,4.13,156832.48
9.913172483444214,4.19,170625.2
9.926546096801758,4.13,156791.57
9.938876628875732,4.19,169453.96
9.950157642364502,4.13,156668.81
9.962231397628784,4.18,167928.54
9.974841356277466,4.13,156587.03
9.98701786994934,4.17,166878.85
9.999061584472656,4.13,156873.43
10.011437892913818,4.17,165570.92
10.02355694770813,4.13,157119.51
10.035759210586548,4.17,164812.06
10.045047760009766,4.13,157078.48
10.057647228240967,4.17,164634.34
10.068656921386719,4.13,157242.85
10.081238031387329,4.17,165123.87
10.093483924865723,4.13,157531.12
10.105875492095947,4.16,163926.78
10.118358135223389,4.14,157779.04
10.131338834762573,4.16,163005.62
10.142536878585815,4.13,157489.92
10.155806303024292,4.16,162657.06
10.168338298797607,4.13,157366.35
10.179112911224365,4.15,162006.6
10.192290544509888,4.13,157119.51
10.20432448387146,4.15,161317.7
10.216545820236206,4.13,157531.12
10.228454113006592,4.15,161060.62
10.237985610961914,4.13,157407.53
10.248859882354736,4.15,160548.39
10.262346267700195,4.14,157861.75
10.273555517196655,4.15,160123.65
10.286813020706177,4.14,158152.03
10.298671960830688,4.15,160420.73
10.310347557067871,4.14,158152.03
10.322607040405273,4.14,159742.96
10.335137367248535,4.14,158027.5
10.347441911697388,4.14,158944.18
10.359800577163696,4.13,157737.71
10.372206449508667,4.14,158152.03
10.384549140930176,4.14,157986.06
10.396400928497314,4.14,158276.59
10.408323049545288,4.13,157737.71
10.421026706695557,4.13,157572.48
10.429083585739136,4.13,157489.92
10.44148302078247,4.13,157283.96
10.453935861587524,4.14,158276.59
10.46597409248352,4.13,157119.51
10.479525327682495,4.14,158651.53
10.491778135299683,4.13,157325.1
10.504228830337524,4.14,158986.04
10.51638126373291,4.13,157242.85
10.528595209121704,4.14,158359.84
10.540863275527954,4.13,156627.96
10.553252220153809,4.14,158027.5
10.565095901489258,4.13,156464.65
10.576489448547363,4.14,158027.5
10.588597774505615,4.13,156342.31
10.601083517074585,4.14,158235.04
10.613263607025146,4.13,156138.84
10.621916770935059,4.14,158860.43
10.633975505828857,4.13,156016.92
10.646233081817627,4.19,171334.39
10.6587495803833,4.13,157160.59
10.671201705932617,4.19,170295.85
10.68371844291687,4.13,156750.56
10.696528911590576,4.18,169221.35
10.708956241607666,4.13,156832.48
10.721106767654419,4.18,168572.89
10.733434438705444,4.13,156505.42
10.745573997497559,4.18,168388.34
10.75766396522522,4.13,156423.87
10.769699096679688,4.18,167015.18
10.781689167022705,4.13,157037.45
10.793452739715576,4.17,166200.2
10.801918268203735,4.13,156914.37
10.814377069473267,4.17,166245.28
10.827762365341187,4.13,157201.76
10.83986520767212,4.17,165570.92
10.852159023284912,4.13,157407.53
10.864282608032227,4.17,164901.1
10.876803159713745,4.13,157572.48
10.889083862304688,4.16,164059.0
10.901296377182007,4.13,157655.01
10.913583993911743,4.16,164501.35
10.924976825714111,4.13,157119.51
10.937219858169556,4.16,164147.34
10.949451923370361,4.13,157201.76
10.961466312408447,4.16,163136.71
10.974115133285522,4.13,157283.96
10.986340522766113,4.16,162309.62
10.995469331741333,4.13,157119.51
11.00659966468811,4.15,161790.79
11.019144058227539,4.13,157655.01
11.031498432159424,4.15,161877.14
11.043969869613647,4.14,157944.65
11.056138753890991,4.15,161317.7
11.068508863449097,4.14,157986.06
11.081457614898682,4.15,161017.75
11.09382152557373,4.14,157986.06
11.105020999908447,4.15,160208.4
11.117317199707031,4.13,157448.7
11.129671096801758,4.15,160293.34
11.141603946685791,4.13,157531.12
11.15400505065918,4.14,158986.04
11.166364669799805,4.13,157448.7
11.178545713424683,4.14,158986.04
11.187179803848267,4.13,157448.7
11.19951581954956,4.14,159069.81
11.212214231491089,4.14,157779.04
11.224963426589966,4.14,159237.64
11.237109422683716,4.14,158193.51
11.249499082565308,4.14,158276.59
11.261761665344238,4.14,158443.06
11.272838592529297,4.14,158318.26
11.28632402420044,4.14,158359.84
11.298640489578247,4.13,157737.71
11.309639692306519,4.14,157903.14
11.321998357772827,4.13,157160.59
11.334354877471924,4.14,157944.65
11.346506595611572,4.13,156668.81
11.35872483253479,4.14,158193.51
11.370957374572754,4.13,156220.25
11.379902124404907,4.14,157861.75
11.392335176467896,4.13,156016.92
11.40406060218811,4.19,171953.07
11.417390584945679,4.13,157366.35
11.42861032485962,4.19,171050.14
11.441066265106201,4.13,156996.45
11.453510284423828,4.18,169407.43
11.465687036514282,4.13,156955.34
11.478522300720215,4.19,169453.96
11.491166591644287,4.13,156301.59
11.50224256515503,4.18,168112.21
11.515405654907227,4.13,156383.03
11.527420997619629,4.18,167197.21
11.539554595947266,4.13,157037.45
11.551704406738281,4.17,166019.98
11.563496828079224,4.13,157037.45
11.573068618774414,4.17,165257.7
11.585324048995972,4.13,157037.45
11.597702026367188,4.17,165481.28
11.609975576400757,4.13,157283.96
11.62227201461792,4.17,164945.6
11.634492635726929,4.13,157531.12
11.646867513656616,4.16,163662.75
11.65900444984436,4.13,157283.96
11.671405553817749,4.16,163662.75
11.683623790740967,4.13,157160.59
11.695949077606201,4.16,162744.06
11.707769870758057,4.13,157325.1
11.719173908233643,4.16,162874.81
11.731628656387329,4.13,157448.7
11.743835210800171,4.16,162352.96
11.752618312835693,4.13,157242.85
11.765105724334717,4.15,161575.45
11.777779340744019,4.13,157448.7
11.790379285812378,4.15,161360.59
11.80250597000122,4.14,158359.84
11.814686298370361,4.15,160676.23
11.826951265335083,4.14,158152.03
11.839375495910645,4.15,160420.73
11.850479364395142,4.14,157903.14
11.864171981811523,4.14,159321.73
11.876165390014648,4.13,157613.75
11.887290239334106,4.14,158318.26
11.9003005027771,4.13,157655.01
11.912415504455566,4.14,158027.5
11.923948287963867,4.14,157820.4
11.936067342758179,4.14,158443.06
11.945555210113525,4.14,157820.4
11.957981824874878,4.14,158568.12
11.969196319580078,4.14,158526.45
11.98262357711792,4.14,158526.45
11.993749856948853,4.14,158235.04
12.006252527236938,4.14,158152.03
12.018562078475952,4.14,158693.23
12.030479431152344,4.13,157696.31
12.043172121047974,4.14,158359.84
12.055545806884766,4.13,156750.56
12.067927360534668,4.14,158110.42
12.080232620239258,4.13,156750.56
12.092738389968872,4.14,158068.95
12.104893445968628,4.13,156505.42
12.117016315460205,4.19,170908.25
12.128963708877563,4.13,156587.03
12.138664960861206,4.19,169733.78
12.149415731430054,4.13,156464.65
12.161968231201172,4.19,170014.48
12.173926830291748,4.13,156832.48
12.186189413070679,4.19,170108.14
12.198445081710815,4.13,157283.96
12.2108895778656,4.18,168989.29
12.22324514389038,4.13,156996.45
12.235333919525146,4.18,168066.31
12.24760627746582,4.13,156546.21
12.25986361503601,4.17,166335.6
12.273044347763062,4.13,156546.21
12.284332752227783,4.17,165436.54
12.29672884941101,4.13,156627.96
12.309447050094604,4.17,164634.34
12.321463823318481,4.13,156873.43
12.33097529411316,4.16,163970.82
12.343057870864868,4.13,157242.85
12.355537176132202,4.16,164014.9
12.367575883865356,4.13,157489.92
12.380002498626709,4.16,164279.98
12.392242193222046,4.14,157861.75
12.404372930526733,4.16,163662.75
12.416587114334106,4.13,157242.85
12.428081512451172,4.16,162744.06
12.440203666687012,4.13,157489.92
12.452663898468018,4.16,162309.62
12.464896440505981,4.13,157325.1
12.477109909057617,4.15,161704.64
12.489382266998291,4.13,157448.7
12.501596212387085,4.15,160804.1
12.513662338256836,4.13,157489.92
12.522258281707764,4.15,160505.85
12.535005331039429,4.13,157613.75
12.547732591629028,4.15,160250.81
12.560111045837402,4.14,157903.14
12.571346759796143,4.14,159447.84
12.58358645439148,4.14,158193.51
12.597045183181763,4.14,159363.75
12.609455585479736,4.14,157861.75
12.621614217758179,4.14,158776.85
12.633915424346924,4.14,157903.14
12.646146535873413,4.14,158526.45
12.658140420913696,4.13,157655.01
12.669373989105225,4.13,157696.31
12.681695461273193,4.14,157779.04
12.694101810455322,4.13,157283.96
12.706264972686768,4.13,157737.71
12.715837240219116,4.13,157078.48
12.728121995925903,4.14,157779.04
12.740403890609741,4.13,157325.1
12.752681970596313,4.14,158609.81
12.764916181564331,4.13,157572.48
12.77606201171875,4.14,158401.43
12.788419961929321,4.13,157037.45
12.800649404525757,4.14,158443.06
12.813971757888794,4.13,156423.87
12.826383113861084,4.14,158193.51
12.838603734970093,4.13,156016.92
12.850520372390747,4.19,170955.5
12.86271333694458,4.13,156546.21
12.874720335006714,4.19,170202.03
12.886420965194702,4.13,156098.21
12.895113945007324,4.19,170578.0
12.907099962234497,4.13,156464.65
12.919397354125977,4.19,170672.29
12.931625366210938,4.13,156587.03
12.94393277168274,4.19,170014.48
12.957357168197632,4.13,156873.43
12.969645500183105,4.18,168665.32
12.981982469558716,4.13,157078.48
12.994316101074219,4.18,167882.68
13.006568431854248,4.13,156873.43
13.017760038375854,4.17,166606.85
13.03056263923645,4.13,156709.68
13.042113304138184,4.17,166516.28
13.054625749588013,4.13,156587.03
13.066862106323242,4.17,165660.51
13.078944206237793,4.13,156996.45
13.0879065990448,4.17,165347.14
13.099778890609741,4.13,156996.45
13.111782550811768,4.17,164723.21
13.124672889709473,4.13,157407.53
13.136402606964111,4.16,164191.5
13.148723602294922,4.13,157655.01
13.161114931106567,4.17,164634.34
13.173249244689941,4.13,157366.35
13.185614585876465,4.16,163268.0
13.199084043502808,4.13,157613.75
13.21120309829712,4.16,163487.09
13.22243595123291,4.13,157119.51
13.234605312347412,4.16,162439.68
13.24681544303894,4.13,157160.59
13.259100914001465,4.15,161704.64
13.271242618560791,4.13,157160.59
13.279863357543945,4.15,161274.82
13.293102025985718,4.13,157283.96
13.305485010147095,4.15,161274.82
13.318013668060303,4.14,157986.06
13.330140352249146,4.15,160846.89
13.341259717941284,4.14,158735.09
13.353538274765015,4.15,160846.89
13.366059064865112,4.14,158568.12
13.378458261489868,4.15,160038.87
13.390519380569458,4.14,157944.65
13.40264081954956,4.14,158944.18
13.414953231811523,4.13,157407.53
13.427120685577393,4.14,158359.84
13.439350128173828,4.13,157737.71
13.451629638671875,4.13,157531.12
13.463989496231079,4.13,157572.48
13.472586631774902,4.13,156750.56
13.484915971755981,4.14,157779.04
13.497033596038818,4.13,157366.35
13.509107828140259,4.14,158401.43
13.521512746810913,4.13,157613.75
13.533992290496826,4.14,158276.59
13.54627513885498,4.13,157078.48
13.55862307548523,4.14,158526.45
13.571218967437744,4.13,156709.68
13.584158420562744,4.14,158401.43
13.596298217773438,4.13,156423.87
13.608248949050903,4.19,170578.0
13.620437860488892,4.13,156301.59
13.632522106170654,4.19,170108.14
13.644592523574829,4.13,156587.03
13.656505346298218,4.19,169874.04
13.665975093841553,4.13,156505.42
13.678376913070679,4.19,169827.31
13.690608978271484,4.13,156546.21
13.702785730361938,4.18,168619.03
13.715394735336304,4.13,156832.48
13.727488279342651,4.18,168066.31
13.739746570587158,4.13,156873.43
13.7520170211792,4.17,166924.25
13.764186382293701,4.13,157160.59
13.77653193473816,4.17,166335.6
13.788507461547852,4.13,156873.43
13.799925327301025,4.17,165840.09
13.81239128112793,4.13,156587.03
13.825037717819214,4.17,165615.7
13.837003707885742,4.13,156750.56
13.84902286529541,4.17,165347.14
13.857353925704956,4.13,157037.45
13.869655847549438,4.16,164191.5
13.8821280002594,4.13,157489.92
13.894411325454712,4.17,164723.21
13.906774282455444,4.13,157489.92
13.919022798538208,4.16,163706.68
13.931501865386963,4.13,157613.75
13.944544792175293,4.16,163136.71
13.956882953643799,4.13,157242.85
13.967922925949097,4.15,162222.9
13.980137586593628,4.13,157531.12
13.992261409759521,4.15,161103.4
14.00497579574585,4.13,157448.7
14.016995668411255,4.15,161747.71
14.029085159301758,4.13,157201.76
14.038774013519287,4.15,160420.73
14.0509614944458,4.13,157201.76
14.063307523727417,4.15,160590.95
14.07565712928772,4.13,157737.71
14.086869239807129,4.15,160038.87
14.098995923995972,4.14,158235.04
14.111361265182495,4.15,160123.65
14.124563217163086,4.14,158359.84
14.137132406234741,4.14,158693.23
14.149331092834473,4.14,157903.14
14.16054368019104,4.14,158276.59
14.173047304153442,4.14,157944.65
14.1851224899292,4.13,157572.48
14.197123289108276,4.13,157531.12
14.209525108337402,4.13,156996.45
14.22177243232727,4.14,157820.4
14.230127334594727,4.13,156873.43
14.242325782775879,4.14,157944.65
14.254887819290161,4.13,156709.68
14.267289400100708,4.14,158359.84
14.27993655204773,4.13,156914.37
14.292630195617676,4.14,158401.43
14.304951190948486,4.13,156996.45
14.31606411933899,4.19,171524.37
14.328514575958252,4.13,156709.68
14.340836524963379,4.19,169733.78
14.353177547454834,4.13,156220.25
14.365415811538696,4.18,168250.23
14.377578973770142,4.13,156098.21
14.389826774597168,4.18,168250.23
14.401951313018799,4.13,156668.81
14.413992881774902,4.17,166788.15
14.422476053237915,4.13,156996.45
14.434938192367554,4.17,166019.98
14.44718050956726,4.13,157160.59
14.45964527130127,4.17,166064.98
14.471847295761108,4.13,157448.7
14.484333515167236,4.17,165436.54
14.496527433395386,4.13,157407.53
14.508780002593994,4.17,164945.6
14.521161079406738,4.13,157572.48
14.533528089523315,4.16,164147.34
14.545380592346191,4.13,157366.35
14.558615446090698,4.16,163355.53
14.570748805999756,4.13,157037.45
14.582807540893555,4.15,162136.39
14.595019102096558,4.13,157078.48
14.60670804977417,4.15,161833.89
14.615161657333374,4.13,157078.48
14.627822875976562,4.15,161360.59
14.640312433242798,4.14,157944.65
14.652009010314941,4.15,160889.59
14.665483951568604,4.14,157861.75
14.677689790725708,4.15,160718.84
14.689972877502441,4.14,157903.14
14.702243328094482,4.15,160038.87
14.714483976364136,4.14,157944.65
14.726762056350708,4.14,159321.73
14.739062547683716,4.13,157613.75
14.751219272613525,4.14,158443.06
14.762481212615967,4.13,157655.01
14.77482295036316,4.14,158110.42
14.787073373794556,4.14,157861.75
14.799399137496948,4.13,157655.01
14.80879545211792,4.13,157696.31
14.82103419303894,4.13,157325.1
14.83319878578186,4.14,158027.5
14.845568656921387,4.14,158110.42
14.857906818389893,4.14,158359.84
14.87040638923645,4.13,157613.75
14.882701873779297,4.14,158276.59
14.894742012023926,4.13,156996.45
14.907043933868408,4.14,158359.84
14.918272256851196,4.13,156750.56
14.931570768356323,4.14,158110.42
14.943667888641357,4.13,156750.56
14.955798149108887,4.14,158068.95
14.967870235443115,4.13,156301.59
14.979269981384277,4.19,170530.95
14.991876602172852,4.13,156220.25
14.999984979629517,4.19,169547.23
15.013563871383667,4.13,155895.26
15.02571439743042,4.18,169174.92
15.037010908126831,4.13,156873.43
15.049481391906738,4.18,168434.4
15.061817169189453,4.13,156955.34
15.074389934539795,4.18,168296.25
15.08714485168457,4.13,156955.34
15.099478006362915,4.18,167288.29
15.110764026641846,4.13,156383.03
15.123835325241089,4.17,166335.6
15.135103225708008,4.13,156423.87
15.147437572479248,4.17,166380.75
15.159528732299805,4.13,156955.34
15.172379970550537,4.17,165123.87
15.184277534484863,4.13,156914.37
15.193888425827026,4.17,164856.51
15.205951452255249,4.13,157201.76
15.218330144882202,4.16,164147.34
15.230641603469849,4.13,157696.31
15.242577075958252,4.16,164103.23
15.255247116088867,4.13,157531.12
15.267491340637207,4.16,162352.96
15.27858591079712,4.13,157407.53
15.29092788696289,4.15,161747.71
15.304450988769531,4.13,157283.96
15.316510200500488,4.15,161146.2
15.328626155853271,4.13,157613.75
15.34072732925415,4.15,160590.95
15.352025747299194,4.13,157283.96
15.364373683929443,4.15,160250.81
15.376477479934692,4.13,157201.76
15.386231422424316,4.14,159069.81
15.398546934127808,4.13,157366.35
15.410940408706665,4.14,158818.64
15.423171043395996,4.14,158443.06
15.435445070266724,4.14,159195.68
15.447699546813965,4.14,158068.95
15.460071086883545,4.14,158484.7
15.472323656082153,4.14,158443.06
15.4844810962677,4.14,158818.64
15.496809482574463,4.14,158027.5
15.507812738418579,4.14,158735.09
15.520156383514404,4.14,157986.06
15.532607793807983,4.14,158443.06
15.544853448867798,4.14,157903.14
15.557082891464233,4.14,157903.14
15.56611442565918,4.14,157820.4
15.578668117523193,4.14,157820.4
15.591081857681274,4.14,158193.51
15.603278160095215,4.14,158152.03
15.615675926208496,4.14,158568.12
15.627854585647583,4.14,157986.06
15.640096426010132,4.14,158651.53
15.652447700500488,4.13,157613.75
15.664753675460815,4.14,158401.43
15.677082061767578,4.13,156914.37
15.689235210418701,4.14,158152.03
15.701412677764893,4.13,156873.43
15.713517904281616,4.14,157944.65
15.725636720657349,4.13,156383.03
15.737511396408081,4.19,170061.31
15.749489545822144,4.13,156464.65
15.758994817733765,4.19,169967.68
15.771270990371704,4.13,156342.31
15.783481121063232,4.19,169780.59
15.79582166671753,4.13,156873.43
15.808184623718262,4.18,168342.29
15.820406198501587,4.13,156750.56
15.831547975540161,4.18,167928.54
15.84503698348999,4.14,157779.04
15.857219219207764,4.18,167060.64
15.869544506072998,4.13,157283.96
15.8818199634552,4.17,165975.01
15.893918514251709,4.13,156750.56
15.905950546264648,4.17,165570.92
15.91801142692566,4.13,156955.34
15.930105209350586,4.16,164147.34
15.942104578018188,4.13,157283.96
15.951499223709106,4.16,163882.73
15.963752508163452,4.13,157325.1
15.975916147232056,4.16,163794.62
15.988299131393433,4.14,157820.4
16.000512838363647,4.16,163574.82
16.01290273666382,4.14,157861.75
16.02400493621826,4.16,162657.06
16.03634762763977,4.13,157531.12
16.049896001815796,4.16,162352.96
16.06087613105774,4.13,157242.85
16.073261499404907,4.15,161060.62
16.085359811782837,4.13,157572.48
16.097924947738647,4.15,160293.34
16.10994052886963,4.13,157201.76
16.122596979141235,4.14,159490.03
16.134171962738037,4.13,157531.12
16.142911672592163,4.14,159237.64
16.15504240989685,4.13,157078.48
16.167263507843018,4.14,159321.73
16.17963480949402,4.14,158068.95
16.191951274871826,4.14,158986.04
16.204132318496704,4.14,158318.26
16.216471910476685,4.14,158276.59
16.228727102279663,4.14,158193.51
16.24097466468811,4.14,157820.4
16.253371238708496,4.14,157903.14
16.265512466430664,4.14,157779.04
16.278528451919556,4.13,157655.01
16.29038119316101,4.13,157283.96
16.302395820617676,4.14,158110.42
16.314467191696167,4.13,157037.45
16.326629161834717,4.14,157986.06
16.335569381713867,4.13,156791.57
16.348713874816895,4.14,158027.5
16.359790563583374,4.13,157201.76
16.372218132019043,4.14,158359.84
16.384400844573975,4.13,157037.45
16.396684885025024,4.14,158401.43
16.410064458847046,4.13,156873.43
16.422332763671875,4.14,158484.7
16.43473720550537,4.13,156627.96
16.44708275794983,4.19,171239.46
16.459128856658936,4.13,156546.21
16.471320629119873,4.18,169128.53
16.483371257781982,4.13,156220.25
16.49537467956543,4.18,167653.68
16.50698494911194,4.13,156220.25
16.519348621368408,4.17,166788.15
16.52809190750122,4.13,156627.96
16.54025936126709,4.17,166742.7
16.5531964302063,4.13,157119.51
16.56587314605713,4.18,167242.75
16.5782687664032,4.13,156668.81
16.589476585388184,4.17,165930.04
16.60191035270691,4.13,157448.7
16.61446714401245,4.17,166064.98
16.62713599205017,4.13,157366.35
16.6395525932312,4.17,165481.28
16.65055274963379,4.13,157037.45
16.662871599197388,4.17,164945.6
16.675179719924927,4.13,156955.34
16.687216758728027,4.16,163662.75
16.699872493743896,4.13,156627.96
16.70912504196167,4.16,163224.14
16.721478700637817,4.13,157037.45
16.733736038208008,4.16,162483.2
16.745981693267822,4.13,157737.71
16.757681369781494,4.15,162136.39
16.769505262374878,4.14,157944.65
16.78197455406189,4.15,161704.64
16.79491949081421,4.13,157737.71
16.80748200416565,4.15,160804.1
16.81978487968445,4.13,157737.71
16.832117080688477,4.15,159996.56
16.844192266464233,4.13,157696.31
16.855772256851196,4.14,159111.82
16.867831230163574,4.13,157448.7
16.879833936691284,4.14,158651.53
16.891967058181763,4.14,157944.65
16.900447607040405,4.14,157944.65
16.912713050842285,4.13,157655.01
16.925006866455078,4.14,158110.42
16.937678575515747,4.14,158276.59
16.94974398612976,4.13,157613.75
16.962143421173096,4.14,158401.43
16.974711894989014,4.13,157119.51
16.987592935562134,4.14,158484.7
17.000090837478638,4.13,157201.76
17.01224136352539,4.14,158276.59
17.023563146591187,4.13,156627.96
17.035531282424927,4.14,157861.75
17.04788374900818,4.13,156220.25
17.0603449344635,4.13,157655.01
17.07254433631897,4.13,156016.92
17.08476710319519,4.19,170813.75
17.093364477157593,4.13,156423.87
17.106091260910034,4.19,169733.78
17.118748426437378,4.13,156668.81
17.131073236465454,4.18,169314.4
17.142183303833008,4.13,157201.76
17.15444779396057,4.18,168480.62
17.166883945465088,4.13,157119.51
17.180173873901367,4.18,167197.21
17.191418409347534,4.13,157325.1
17.204651594161987,4.18,167425.18
17.21692419052124,4.13,156423.87
17.228065013885498,4.17,164945.6
17.24021053314209,4.13,156791.57
17.25247621536255,4.17,164856.51
17.26472020149231,4.13,157078.48
17.27700400352478,4.16,164456.95
17.285497188568115,4.13,156832.48
17.298781871795654,4.16,163530.95
17.31121850013733,4.13,157448.7
17.323471546173096,4.16,164103.23
17.33476996421814,4.13,157613.75
17.34693479537964,4.16,162962.0
17.360588550567627,4.13,157325.1
17.371577739715576,4.16,163970.82
17.383830070495605,4.14,157820.4
17.396177291870117,4.16,163093.03
17.408644676208496,4.13,157366.35
17.420687198638916,4.16,162309.62
17.432905435562134,4.13,157119.51
17.44514536857605,4.15,161146.2
17.45739722251892,4.13,157201.76
17.469690322875977,4.15,160676.23
17.478296041488647,4.13,157489.92
17.490720748901367,4.15,160548.39
17.5034396648407,4.14,157820.4
17.516014575958252,4.15,160633.51
17.528358459472656,4.14,158235.04
17.540584564208984,4.15,160420.73
17.552826166152954,4.14,158110.42
17.56405282020569,4.14,159954.26
17.577425479888916,4.14,157903.14
17.589784145355225,4.14,158568.12
17.601966857910156,4.14,157820.4
17.614120721817017,4.14,158359.84
17.626070261001587,4.14,157903.14
17.63833498954773,4.13,157572.48
17.650309324264526,4.14,157779.04
17.66250491142273,4.13,157448.7
17.671727895736694,4.14,157944.65
17.684199571609497,4.13,157448.7
17.696428775787354,4.14,158193.51
17.708534002304077,4.13,157283.96
17.720736980438232,4.14,158443.06
17.733232975006104,4.13,157613.75
17.74544906616211,4.14,158484.7
17.756729125976562,4.13,157407.53
17.768811464309692,4.14,158526.45
17.78102731704712,4.13,156832.48
17.794411182403564,4.14,158235.04
17.806469678878784,4.13,156709.68
17.81853151321411,4.14,157986.06
17.830612421035767,4.13,156464.65
17.842376947402954,4.14,158068.95
17.854562520980835,4.13,156220.25
17.864198207855225,4.19,170108.14
17.876457929611206,4.13,156301.59
17.888795375823975,4.19,169733.78
17.90100407600403,4.13,156709.68
17.91342306137085,4.18,168711.53
17.925788640975952,4.13,156750.56
17.937963247299194,4.18,167974.39
17.950195789337158,4.13,156627.96
17.961349964141846,4.17,166788.15
17.973622798919678,4.13,156914.37
17.986120223999023,4.17,166064.98
17.998371124267578,4.13,156791.57
18.01075291633606,4.17,165079.18
18.02315878868103,4.13,156750.56
18.03481674194336,4.16,164368.43
18.047223329544067,4.13,156750.56
18.05661106109619,4.16,163530.95
18.068995714187622,4.13,157119.51
18.08005380630493,4.16,163399.32
18.09248161315918,4.13,157531.12
18.10481095314026,4.16,162570.04
18.116822242736816,4.14,157779.04
18.13043189048767,4.16,162657.06
18.141655445098877,4.13,157696.31
18.15403723716736,4.15,161747.71
18.166203498840332,4.13,157201.76
18.17862892150879,4.15,160889.59
18.190884351730347,4.13,157201.76
18.202858209609985,4.15,160378.25
18.215681791305542,4.13,156996.45
18.227691888809204,4.15,160335.78
18.23682951927185,4.13,157325.1
18.24920916557312,4.15,160250.81
18.261487245559692,4.14,157779.04
18.27373504638672,4.15,160166.01
18.286075592041016,4.14,158526.45
18.298434495925903,4.14,159700.78
18.310667753219604,4.14,158068.95
18.322909832000732,4.14,159405.79
18.335157871246338,4.14,158110.42
18.347566604614258,4.14,158235.04
18.359776258468628,4.13,157737.71
18.371845722198486,4.13,157655.01
18.383044242858887,4.14,157779.04
18.395233631134033,4.13,157407.53
18.407777786254883,4.14,158068.95
18.419957637786865,4.13,157078.48
18.428776264190674,4.14,158068.95
18.440529584884644,4.13,157078.48
18.452752113342285,4.14,158318.26
18.466137409210205,4.13,157242.85
18.47776746749878,4.14,158568.12
18.48982334136963,4.13,157037.45
18.50306510925293,4.14,158818.64
18.515480279922485,4.13,157037.45
18.527714490890503,4.19,171097.43
18.539968252182007,4.13,156423.87
18.552297592163086,4.19,169547.23
18.56435990333557,4.13,156260.9
18.576427221298218,4.18,168619.03
18.5877103805542,4.13,156423.87
18.600157499313354,4.18,168665.32
18.612480878829956,4.13,156587.03
18.620997667312622,4.18,167974.39
18.6335391998291,4.13,156016.92
18.645846605300903,4.18,168158.17
18.65881633758545,4.13,156914.37
18.67098593711853,4.17,166833.5
18.683347940444946,4.13,157531.12
18.695696353912354,4.17,166200.2
18.70791506767273,4.13,157325.1
18.719120502471924,4.17,166380.75
18.732627630233765,4.13,157448.7
18.744733333587646,4.17,166290.39
18.756774187088013,4.13,157201.76
18.768856048583984,4.17,164856.51
18.780905723571777,4.13,156996.45
18.793044805526733,4.16,163794.62
18.804794311523438,4.13,157531.12
18.81317400932312,4.16,162744.06
18.826736211776733,4.13,157242.85
18.83894443511963,4.16,163049.35
18.851382732391357,4.13,157489.92
18.86375141143799,4.16,163136.71
18.87471842765808,4.13,157655.01
18.887017011642456,4.15,161920.28
18.89954924583435,4.13,157407.53
18.911530017852783,4.15,160761.46
18.924194812774658,4.13,157655.01
18.93628692626953,4.15,160208.4
18.948757886886597,4.13,157407.53
18.961179733276367,4.15,160208.4
18.972689628601074,4.13,157160.59
18.985418558120728,4.14,159827.39
18.997400522232056,4.13,157655.01
19.006926774978638,4.14,158986.04
19.01921272277832,4.13,157448.7
19.03152346611023,4.14,159363.75
19.043831825256348,4.14,158193.51
19.05624532699585,4.14,158526.45
19.068326711654663,4.14,158193.51
19.08066749572754,4.14,158152.03
19.092965602874756,4.14,158318.26
19.104032516479492,4.14,158068.95
19.11654496192932,4.14,157903.14
19.128834009170532,4.13,157448.7
19.140737295150757,4.14,158068.95
19.152945518493652,4.13,157037.45
19.165499448776245,4.14,157944.65
19.177760362625122,4.13,156220.25
19.18984341621399,4.13,157737.71
19.198913097381592,4.13,156220.25
19.21178150177002,4.14,157779.04
19.2241108417511,4.13,156505.42
19.23624277114868,4.19,171050.14
19.24846053123474,4.13,156709.68
19.260881423950195,4.19,169827.31
19.273309469223022,4.13,156587.03
19.28422212600708,4.18,169314.4
19.29673933982849,4.13,156587.03
19.309130430221558,4.18,168804.0
19.321326971054077,4.13,156179.46
19.333444595336914,4.19,169967.68
19.345836877822876,4.13,156873.43
19.35771369934082,4.18,168342.29
19.369936227798462,4.13,156260.9
19.37850856781006,4.18,167197.21
19.391851663589478,4.13,156873.43
19.403082847595215,4.18,167562.15
19.41538691520691,4.13,156832.48
19.427658557891846,4.18,167242.75
19.44097661972046,4.13,156873.43
19.453842163085938,4.17,165570.92
19.465707063674927,4.13,157448.7
19.476813316345215,4.17,164945.6
19.489330768585205,4.13,157407.53
19.50175714492798,4.16,164545.67
19.513699054718018,4.13,156873.43
19.52601194381714,4.16,163311.73
19.538183212280273,4.13,156627.96
19.550296545028687,4.16,162396.32
19.56283712387085,4.13,156955.34
19.57141137123108,4.15,161833.89
19.583939790725708,4.13,157119.51
19.59555673599243,4.15,162006.6
19.60892105102539,4.13,157572.48
19.621062517166138,4.15,161790.79
19.63283944129944,4.13,157572.48
19.64501428604126,4.15,161189.01
19.65724515914917,4.14,157861.75
19.669631481170654,4.15,160633.51
19.68208599090576,4.13,157448.7
19.694945096969604,4.15,160293.34
19.707068920135498,4.13,157489.92
19.718266248703003,4.14,159490.03
19.730623245239258,4.14,157861.75
19.742843866348267,4.14,158944.18
19.75519585609436,4.13,157283.96
19.763609886169434,4.14,158818.64
19.776000499725342,4.14,157861.75
19.788431406021118,4.14,158902.34
19.800994873046875,4.14,158027.5
19.81384301185608,4.14,158944.18
19.826073169708252,4.14,158235.04
19.83729600906372,4.14,158359.84
19.849705934524536,4.14,158193.51
19.862887382507324,4.14,157903.14
19.87429451942444,4.14,157861.75
19.88658595085144,4.13,157037.45
19.89872646331787,4.13,157489.92
19.91088891029358,4.13,157037.45
19.923189640045166,4.14,157903.14
19.935351848602295,4.13,156301.59
19.947693824768066,4.14,158027.5
19.957059144973755,4.13,156342.31
19.96941375732422,4.14,158152.03
19.980803966522217,4.13,156873.43
19.993951559066772,4.14,158359.84
20.006402254104614,4.13,156668.81
20.01869297027588,4.19,170578.0
20.030883073806763,4.13,156996.45
20.042055130004883,4.14,158735.09
20.05552077293396,4.13,156832.48
20.067779779434204,4.14,158776.85
20.078802824020386,4.13,156464.65
20.09105682373047,4.19,169920.79
20.103314876556396,4.13,156505.42
20.115482807159424,4.19,169733.78
20.12765908241272,4.13,156587.03
20.139880418777466,4.18,167836.85
20.148377418518066,4.13,156383.03
20.160687923431396,4.18,167836.85
20.172977209091187,4.13,156505.42
20.18547487258911,4.18,167745.17
20.1976158618927,4.13,156914.37
20.20987820625305,4.17,166878.85
20.223418951034546,4.13,157242.85
20.23565363883972,4.17,166245.28
20.248082399368286,4.13,157160.59
20.26020336151123,4.17,165570.92
20.272407054901123,4.13,157283.96
20.284581184387207,4.17,164678.82
20.29583978652954,4.13,157078.48
20.30860424041748,4.16,164368.43
20.320515155792236,4.13,156546.21
20.3288094997406,4.16,162831.12
20.34114670753479,4.13,157037.45
20.35341501235962,4.16,162483.2
20.365814208984375,4.14,157779.04
20.37816834449768,4.15,162222.9
20.390901565551758,4.14,157944.65
20.403652906417847,4.15,162136.39
20.41474151611328,4.13,157696.31
20.427055835723877,4.15,161274.82
20.43942093849182,4.13,157737.71
20.451849460601807,4.15,160123.65
20.46457314491272,4.13,157655.01
20.47689914703369,4.14,159532.12
20.489019632339478,4.13,157366.35
20.50111174583435,4.14,159069.81
20.51267123222351,4.13,157325.1
20.522380590438843,4.14,158860.43
20.534708976745605,4.13,157119.51
20.545875549316406,4.14,158443.06
20.55830407142639,4.14,158027.5
20.570735454559326,4.14,159027.92
20.583466291427612,4.14,158068.95
20.59608554840088,4.14,158484.7
20.608423471450806,4.14,158526.45
20.62062430381775,4.14,157820.4
20.631990909576416,4.14,158152.03
20.64400625228882,4.14,157903.14
20.656354665756226,4.14,157903.14
20.66871738433838,4.13,157119.51
20.68084979057312,4.14,157779.04
20.69324231147766,4.13,156832.48
20.70520329475403,4.14,158152.03
20.713902711868286,4.13,156791.57
20.726243019104004,4.14,158276.59
20.73870539665222,4.13,156709.68
20.75107502937317,4.14,158359.84
20.76403021812439,4.13,156791.57
20.776233673095703,4.19,171571.89
20.78865623474121,4.13,157160.59
20.8008713722229,4.19,170530.95
20.81323504447937,4.13,156750.56
20.82555341720581,4.18,169221.35
20.837582111358643,4.13,156220.25
20.848742246627808,4.18,168665.32
20.860894441604614,4.13,156383.03
20.87328791618347,4.18,167470.82
20.88602089881897,4.13,156260.9
20.8979914188385,4.17,166788.15
20.90735411643982,4.13,156791.57
20.918479919433594,4.17,166606.85
20.93069887161255,4.13,157201.76
20.9430935382843,4.17,166425.92
20.955531120300293,4.13,157325.1
20.968262672424316,4.17,166245.28
20.98070526123047,4.13,157531.12
20.993468761444092,4.17,164945.6
21.00575542449951,4.13,157366.35
21.017996072769165,4.17,164767.62
21.02996015548706,4.13,157119.51
21.042166709899902,4.16,163882.73
21.054239749908447,4.13,157201.76
21.0657479763031,4.16,162874.81
21.078434705734253,4.13,157119.51
21.090560913085938,4.15,161833.89
21.099886417388916,4.13,157119.51
21.111058712005615,4.15,161446.54
21.1244056224823,4.14,157986.06
21.13675546646118,4.15,161790.79
21.148901224136353,4.14,157861.75
21.160295963287354,4.15,160975.01
21.172406911849976,4.14,157944.65
21.184623956680298,4.15,160378.25
21.19693088531494,4.13,157613.75
21.20923924446106,4.14,159279.73
21.22144842147827,4.13,157531.12
21.233679056167603,4.14,158526.45
21.245930433273315,4.13,157448.7
21.25816321372986,4.14,158235.04
21.270331382751465,4.13,157696.31
21.282624006271362,4.14,157903.14
21.291137218475342,4.13,157572.48
21.303433656692505,4.13,157531.12
21.315706968307495,4.14,157779.04
21.32798981666565,4.13,157572.48
21.340248584747314,4.14,158068.95
21.352629899978638,4.13,157613.75
21.364962816238403,4.14,158401.43
21.377097845077515,4.13,157119.51
21.389424562454224,4.14,158276.59
21.401694536209106,4.13,156668.81
21.413952589035034,4.14,158068.95
21.426167488098145,4.13,156505.42
21.438413858413696,4.14,158027.5
21.450719594955444,4.13,156423.87
21.462943077087402,4.14,157986.06
21.475142002105713,4.13,156179.46
21.483590841293335,4.19,171050.14
21.49602484703064,4.13,156342.31
21.50822949409485,4.19,170061.31
21.52049469947815,4.13,156873.43
21.532779216766357,4.18,168665.32
21.545047760009766,4.13,157201.76
21.557308197021484,4.18,167836.85
21.569596767425537,4.13,156914.37
21.581879377365112,4.17,166969.76
21.594213724136353,4.13,156873.43
21.60640549659729,4.17,166742.7
21.618651628494263,4.13,157037.45
21.630884647369385,4.17,166788.15
21.643142461776733,4.13,156996.45
21.6553738117218,4.17,165930.04
21.6637966632843,4.13,156955.34
21.67610478401184,4.16,164501.35
21.688349962234497,4.13,157283.96
21.700671434402466,4.17,164723.21
21.712942123413086,4.13,157283.96
21.72527551651001,4.16,164324.2
21.737600564956665,4.14,157986.06
21.749858379364014,4.16,163838.6
21.762142419815063,4.13,157489.92
21.774431228637695,4.16,162700.54
21.786696195602417,4.13,157407.53
21.798911809921265,4.15,161877.14
21.81118154525757,4.13,157366.35
21.82339882850647,4.15,160975.01
21.835748434066772,4.13,157283.96
21.84796929359436,4.15,160889.59
21.856404542922974,4.13,157119.51
21.868672609329224,4.14,159911.98
21.88097357749939,4.14,157779.04
21.893227100372314,4.15,160378.25
21.90546417236328,4.14,157944.65
21.91780114173889,4.14,159785.15
21.930082321166992,4.14,158235.04
21.9423611164093,4.14,159532.12
21.954644441604614,4.14,157779.04
21.966922283172607,4.14,158484.7
21.97924780845642,4.13,157737.71
21.991467714309692,4.14,158359.84
22.003661394119263,4.13,157572.48
22.015830993652344,4.13,157737.71
22.02818465232849,4.13,157696.31
22.040360689163208,4.13,157119.51
22.04886221885681,4.13,157655.01
22.061161041259766,4.13,157201.76
22.07345151901245,4.14,158027.5
22.085726976394653,4.14,157820.4
22.09800958633423,4.14,158318.26
22.110302209854126,4.14,157944.65
22.122638702392578,4.14,158609.81
22.134922742843628,4.13,157160.59
22.147199630737305,4.14,158526.45
22.159471035003662,4.13,156627.96
22.17173671722412,4.14,158068.95
22.1839759349823,4.13,156423.87
22.196167707443237,4.19,171144.76
22.208417892456055,4.13,156301.59
22.22060990333557,4.19,169500.53
22.232955932617188,4.13,156179.46
22.241639375686646,4.19,169593.84
22.25370168685913,4.13,156505.42
22.26707911491394,4.18,169360.9
22.27926254272461,4.13,156832.48
22.29048752784729,4.18,169035.64
22.30276370048523,4.13,157160.59
22.31504487991333,4.18,167060.64
22.327489376068115,4.13,157407.53
22.33965253829956,4.17,166335.6
22.352049350738525,4.13,157160.59
22.36448907852173,4.17,165840.09
22.376748085021973,4.13,156750.56
22.38888454437256,4.17,165975.01
22.401002645492554,4.13,156709.68
22.413131713867188,4.16,164279.98
22.425307512283325,4.13,157201.76
22.434821367263794,4.16,163794.62
22.447278022766113,4.13,157201.76
22.459498167037964,4.16,163838.6
22.471888303756714,4.13,157407.53
22.48401641845703,4.16,163311.73
22.496246337890625,4.13,157366.35
22.50771427154541,4.16,162352.96
22.519932746887207,4.13,157366.35
22.533303022384644,4.15,161661.6
22.545671224594116,4.13,157078.48
22.55785822868347,4.15,160804.1
22.569763898849487,4.13,157489.92
22.581868886947632,4.15,160335.78
22.594115257263184,4.13,157407.53
22.606066465377808,4.14,159785.15
22.61811351776123,4.14,157779.04
22.627533435821533,4.14,159363.75
22.639885663986206,4.13,157283.96
22.65209197998047,4.14,158860.43
22.663536310195923,4.14,157820.4
22.675601482391357,4.14,158902.34
22.688870906829834,4.14,158110.42
22.701238870620728,4.14,158318.26
22.713521480560303,4.14,158193.51
22.72569441795349,4.13,157325.1
22.738220691680908,4.14,157903.14
22.750303983688354,4.13,157078.48
22.762330055236816,4.13,157737.71
22.773699045181274,4.13,156750.56
22.78602910041809,4.14,158027.5
22.798126935958862,4.13,156546.21
22.810615062713623,4.14,157861.75
22.819126844406128,4.13,156138.84
22.831655502319336,4.14,158651.53
22.844160318374634,4.13,157078.48
22.85688066482544,4.14,158776.85
22.869201183319092,4.13,157078.48
22.881348848342896,4.19,170955.5
22.893540859222412,4.13,156668.81
22.904868125915527,4.19,169967.68
22.917213678359985,4.13,156505.42
22.929598331451416,4.18,169174.92
22.941768646240234,4.13,156260.9
22.954230308532715,4.18,168296.25
22.966423749923706,4.13,156546.21
22.978672981262207,4.18,167653.68
22.99103355407715,4.13,156260.9
22.999107837677002,4.17,166516.28
23.012507915496826,4.13,156383.03
23.024537086486816,4.18,167015.18
23.036015033721924,4.13,157283.96
23.048412799835205,4.18,167242.75
23.060962438583374,4.13,156791.57
23.073292016983032,4.17,164856.51
23.086266040802002,4.13,157489.92
23.098505973815918,4.16,164368.43
23.110849380493164,4.13,157119.51
23.122031450271606,4.16,162787.59
23.134570121765137,4.13,156873.43
23.146406412124634,4.16,162396.32
23.159423351287842,4.13,156914.37
23.171526193618774,4.15,162093.14
23.18338942527771,4.13,156955.34
23.191685438156128,4.15,160932.28
23.20504140853882,4.13,157119.51
23.21719527244568,4.15,160761.46
23.22956657409668,4.14,158068.95
23.241926193237305,4.15,160804.1
23.254220008850098,4.14,158193.51
23.266350269317627,4.14,159742.96
23.278729677200317,4.14,157903.14
23.290899515151978,4.14,159153.75
23.30359411239624,4.14,157779.04
23.315653562545776,4.14,158860.43
23.327811002731323,4.13,157366.35
23.33892297744751,4.14,158526.45
23.3512544631958,4.13,157613.75
23.363654613494873,4.13,157737.71
23.37589120864868,4.13,157572.48
23.38438105583191,4.13,157366.35
23.39704394340515,4.13,157531.12
23.411166667938232,4.13,156996.45
23.422205448150635,4.14,158152.03
23.433377265930176,4.13,157448.7
23.445613861083984,4.14,158735.09
23.45780658721924,4.13,157489.92
23.47028160095215,4.14,159027.92
23.482653379440308,4.13,156750.56
23.495083332061768,4.14,158276.59
23.507230758666992,4.13,156383.03
23.519540309906006,4.14,157861.75
23.53149652481079,4.13,156098.21
23.543985843658447,4.19,171144.76
23.55616021156311,4.13,156342.31
23.56821846961975,4.19,169547.23
23.576751470565796,4.13,156057.6
23.58979892730713,4.18,169407.43
23.602355003356934,4.13,157037.45
23.614573001861572,4.18,167928.54
23.62700366973877,4.13,157160.59
23.63925790786743,4.17,166833.5
23.651578426361084,4.13,157655.01
23.663864850997925,4.18,167379.46
23.675055980682373,4.13,156791.57
23.68753671646118,4.17,165840.09
23.69972038269043,4.13,156668.81
23.711801528930664,4.17,165660.51
23.724393606185913,4.13,157037.45
23.73641037940979,4.16,164545.67
23.74887728691101,4.13,156587.03
23.76108956336975,4.16,164103.23
23.770416498184204,4.13,157078.48
23.782681465148926,4.16,163794.62
23.794956922531128,4.13,157448.7
23.80716633796692,4.16,163706.68
23.819631814956665,4.13,157531.12
23.83180069923401,4.16,162613.48
23.844100952148438,4.13,157366.35
23.856273412704468,4.15,162049.93
23.868686199188232,4.13,157489.92
23.88089609146118,4.15,161317.7
23.892849922180176,4.13,157655.01
23.905263662338257,4.15,160590.95
23.917378425598145,4.13,157325.1
23.92945623397827,4.15,160633.51
23.941545248031616,4.13,157448.7
23.95344614982605,4.15,160166.01
23.96290874481201,4.13,157696.31
23.975173473358154,4.14,159153.75
23.987420558929443,4.14,157903.14
23.99955916404724,4.14,159195.68
24.012028455734253,4.14,157944.65
24.02432107925415,4.14,158902.34
24.036597728729248,4.14,157861.75
24.048877716064453,4.14,158027.5
24.061197519302368,4.13,157737.71
24.07341742515564,4.14,158110.42
24.084423542022705,4.14,157779.04
24.097384691238403,4.13,157737.71
24.109705209732056,4.14,157903.14
24.121761798858643,4.13,157283.96
24.133856296539307,4.14,157861.75
24.145589113235474,4.13,156668.81
24.154154062271118,4.14,157861.75
24.166489601135254,4.13,156505.42
24.178650617599487,4.14,158193.51
24.190907955169678,4.13,156546.21
24.203255891799927,4.14,158276.59
24.215681314468384,4.13,156546.21
24.228124141693115,4.19,171286.98
24.24030566215515,4.13,156709.68
24.25300121307373,4.19,170061.31
24.265389919281006,4.13,156546.21
24.278201580047607,4.18,168020.39
24.290278911590576,4.13,156423.87
24.301419734954834,4.18,167288.29
24.31369137763977,4.13,156138.84
24.3259117603302,4.18,167242.75
24.33832621574402,4.13,156342.31
24.346895694732666,4.17,165436.54
24.359230756759644,4.13,156464.65
24.371683597564697,4.17,165615.7
24.38349413871765,4.13,157489.92
24.395808696746826,4.17,165168.46
24.408215522766113,4.13,157613.75
24.420467853546143,4.16,164368.43
24.432715892791748,4.13,157119.51
24.444940090179443,4.16,163443.15
24.457443714141846,4.13,157201.76
24.46981978416443,4.16,162439.68
24.481917142868042,4.13,156873.43
24.494412660598755,4.15,161446.54
24.506458282470703,4.13,157325.1
24.518811225891113,4.15,161274.82
24.530614614486694,4.13,157489.92
24.53923201560974,4.15,160975.01
24.551546812057495,4.13,157489.92
24.56408715248108,4.15,161317.7
24.576281547546387,4.14,157986.06
24.588703155517578,4.15,161017.75
24.600707530975342,4.14,158110.42
24.613768815994263,4.15,160718.84
24.626290798187256,4.14,157903.14
24.637585639953613,4.14,159490.03
24.649713039398193,4.14,157820.4
24.66205930709839,4.14,158860.43
24.674335479736328,4.13,157242.85
24.68707251548767,4.14,158318.26
24.69930386543274,4.13,157531.12
24.710806131362915,4.14,158068.95
24.719433069229126,4.13,157613.75
24.732521295547485,4.13,157531.12
24.745166778564453,4.13,157737.71
24.757487058639526,4.13,157242.85
24.769753217697144,4.14,158401.43
24.782060623168945,4.13,157407.53
24.794422388076782,4.14,158651.53
24.806581735610962,4.13,157407.53
24.818894386291504,4.14,158526.45
24.830626964569092,4.13,156791.57
24.84230613708496,4.14,158193.51
24.854557037353516,4.13,156057.6
24.867375135421753,4.19,171334.39
24.878902673721313,4.13,156342.31
24.8912250995636,4.19,169874.04
24.903708457946777,4.13,156260.9
24.91316294670105,4.19,169593.84
24.925267457962036,4.13,156423.87
24.937662601470947,4.19,169547.23
24.949836015701294,4.13,156873.43
24.962185859680176,4.18,168066.31
24.97458267211914,4.13,156587.03
24.986865043640137,4.18,167928.54
24.99903440475464,4.13,156914.37
25.01136827468872,4.17,166788.15
25.0236337184906,4.13,157037.45
25.03592324256897,4.17,165885.0
25.04815435409546,4.13,156873.43
25.060068130493164,4.17,165795.2
25.072145700454712,4.13,156587.03
25.084285259246826,4.17,165213.07
25.096286296844482,4.13,156750.56
25.10443353652954,4.17,165885.0
25.117648601531982,4.13,156668.81
25.1296329498291,4.17,166969.76
25.141268014907837,4.13,157325.1
25.153459072113037,4.17,166561.62
25.16574501991272,4.13,157531.12
25.178131341934204,4.17,164723.21
25.191368579864502,4.13,157119.51
25.20366883277893,4.16,163882.73
25.216033220291138,4.13,157201.76
25.227521657943726,4.16,163180.4
25.239680767059326,4.13,156996.45
25.25204348564148,4.16,162526.6
25.26404857635498,4.13,157078.48
25.276220560073853,4.15,161790.79
25.288280725479126,4.13,157242.85
25.2969229221344,4.15,161704.64
25.309396505355835,4.13,157283.96
25.321632385253906,4.15,161274.82
25.334208488464355,4.14,157779.04
25.346782445907593,4.15,161704.64
25.35956835746765,4.14,157779.04
25.37172245979309,4.15,161189.01
25.384047508239746,4.14,158152.03
25.3952898979187,4.15,160676.23
25.407619953155518,4.14,157944.65
25.419941425323486,4.14,159447.84
25.432024240493774,4.13,157572.48
25.444477319717407,4.14,158401.43
25.45667338371277,4.13,157613.75
25.468871116638184,4.14,158318.26
25.480923652648926,4.13,157737.71
25.49045419692993,4.14,157820.4
25.502931118011475,4.14,157903.14
25.51515030860901,4.14,157820.4
25.52743172645569,4.14,158526.45
25.5387601852417,4.13,157613.75
25.55091142654419,4.14,158401.43
25.56348180770874,4.13,157366.35
25.57577133178711,4.14,158443.06
25.58854842185974,4.13,157448.7
25.601038217544556,4.14,158359.84
25.61324453353882,4.13,156587.03
25.62545394897461,4.14,157903.14
25.63770055770874,4.13,156260.9
25.64947819709778,4.14,158235.04
25.661512851715088,4.13,156220.25
25.670883655548096,4.13,157655.01
25.68309712409973,4.13,156098.21
25.695533275604248,4.19,171524.37
25.707722425460815,4.13,156914.37
25.71988534927368,4.19,169593.84
25.732147693634033,4.13,156832.48
25.743499755859375,4.18,169128.53
25.75557231903076,4.13,156750.56
25.76879334449768,4.18,167745.17
25.781365633010864,4.13,156505.42
25.79377770423889,4.17,166924.25
25.805835247039795,4.13,156873.43
25.817906618118286,4.17,165840.09
25.82957935333252,4.13,156750.56
25.84145188331604,4.17,164723.21
25.85395121574402,4.13,156750.56
25.86336588859558,4.16,164059.0
25.875560760498047,4.13,157078.48
25.888097524642944,4.17,165840.09
25.900073051452637,4.13,157201.76
25.91246008872986,4.17,165302.46
25.924811840057373,4.13,157613.75
25.937060594558716,4.16,164501.35
25.94932460784912,4.13,157448.7
25.961500883102417,4.16,164103.23
25.97267174720764,4.13,157655.01
25.985003232955933,4.16,163136.71
25.998310804367065,4.13,156996.45
26.01032829284668,4.15,162222.9
26.022379398345947,4.13,157201.76
26.034179210662842,4.15,161920.28
26.04651165008545,4.13,156914.37
26.054662466049194,4.15,160975.01
26.068042039871216,4.13,157078.48
26.08037567138672,4.15,161360.59
26.09260058403015,4.14,157944.65
26.105035066604614,4.15,160889.59
26.11715841293335,4.13,157737.71
26.12950110435486,4.15,160123.65
26.141690731048584,4.14,157861.75
26.15286636352539,4.14,159279.73
26.165208339691162,4.13,157489.92
26.177545309066772,4.14,158359.84
26.18993830680847,4.13,157696.31
26.202220916748047,4.13,157489.92
26.214434385299683,4.14,157944.65
26.226824283599854,4.13,157737.71
26.238908529281616,4.13,157613.75
26.247087955474854,4.13,157325.1
26.25966715812683,4.14,157779.04
26.272077083587646,4.13,157655.01
26.284648656845093,4.14,158276.59
26.297465801239014,4.13,157119.51
26.30979347229004,4.14,158443.06
26.321979761123657,4.13,157283.96
26.3342924118042,4.14,158443.06
26.345418691635132,4.13,156996.45
26.3576819896698,4.14,158235.04
26.369997262954712,4.13,156668.81
26.382196187973022,4.14,158027.5
26.39466881752014,4.13,156505.42
26.4068603515625,4.14,158193.51
26.418771505355835,4.13,156016.92
26.431164026260376,4.19,171002.75
26.44140601158142,4.13,156505.42
26.4521541595459,4.19,170389.89
26.464393854141235,4.13,156505.42
26.476720809936523,4.19,169874.04
26.489149808883667,4.13,156873.43
26.50192165374756,4.18,169360.9
26.514495849609375,4.13,156832.48
26.525866746902466,4.19,169640.46
26.537874698638916,4.13,156423.87
26.55010962486267,4.18,167607.95
26.56277894973755,4.13,155976.35
26.575048208236694,4.18,167470.82
26.587183713912964,4.13,156423.87
26.59978985786438,4.17,165975.01
26.611966133117676,4.13,156709.68
26.62387442588806,4.17,165123.87
26.633230924606323,4.13,156709.68
26.644614219665527,4.17,164634.34
26.656975030899048,4.13,157119.51
26.66894030570984,4.16,164590.0
26.68130111694336,4.13,157325.1
26.69361162185669,4.17,165436.54
26.707050323486328,4.13,157489.92
26.71836018562317,4.16,164545.67
26.73164391517639,4.13,157325.1
26.743821144104004,4.16,163750.64
26.755529403686523,4.13,157160.59
26.767108917236328,4.16,162744.06
26.779486179351807,4.13,157242.85
26.791714429855347,4.16,162266.32
26.803950309753418,4.13,156750.56
26.812652111053467,4.15,161747.71
26.824892044067383,4.13,156996.45
26.83720302581787,4.15,161017.75
26.849738121032715,4.14,158193.51
26.86251974105835,4.15,160761.46
26.874892473220825,4.14,158027.5
26.88723659515381,4.15,160676.23
26.89949059486389,4.14,157986.06
26.910749435424805,4.15,160463.34
26.923173904418945,4.13,157572.48
26.936380863189697,4.14,158944.18
26.94848132133484,4.13,157325.1
26.960471630096436,4.14,158526.45
26.97252368927002,4.13,157613.75
26.984606981277466,4.14,157986.06
26.996399879455566,4.13,157613.75
27.00484299659729,4.14,157903.14
27.017130613327026,4.13,157489.92
27.029346704483032,4.14,158152.03
27.04173183441162,4.14,158526.45
27.05408000946045,4.14,157944.65
27.067171335220337,4.14,158443.06
27.079605102539062,4.14,157861.75
27.09204077720642,4.14,158401.43
27.103651762008667,4.13,157119.51
27.115363359451294,4.14,158152.03
27.1278133392334,4.13,157037.45
27.13994288444519,4.14,158027.5
27.152053117752075,4.13,156464.65
27.164438247680664,4.14,157903.14
27.1770179271698,4.13,156138.84
27.188716650009155,4.14,158776.85
27.197211265563965,4.13,156587.03
27.20952320098877,4.19,170766.57
27.221803903579712,4.13,156505.42
27.23423671722412,4.19,170389.89
27.247385025024414,4.13,156709.68
27.25983238220215,4.18,168572.89
27.27117133140564,4.13,157325.1
27.284491062164307,4.18,168388.34
27.29591155052185,4.13,156996.45
27.308017015457153,4.18,167288.29
27.320286989212036,4.13,156179.46
27.332319259643555,4.17,166878.85
27.344539165496826,4.13,156996.45
27.356807231903076,4.17,165570.92
27.369113445281982,4.13,157160.59
27.381567239761353,4.17,164812.06
27.389936685562134,4.13,156955.34
27.40325689315796,4.16,163970.82
27.415558576583862,4.13,157407.53
27.42669677734375,4.17,164723.21
27.440490245819092,4.13,157283.96
27.452406406402588,4.16,163706.68
27.464884519577026,4.13,157489.92
27.477110385894775,4.16,162831.12
27.48932409286499,4.13,157696.31
27.501649618148804,4.15,161532.46
27.51366639137268,4.13,157655.01
27.525612831115723,4.15,161274.82
27.537650108337402,4.13,157366.35
27.549261331558228,4.15,160335.78
27.56158947944641,4.13,157201.76
27.574071645736694,4.14,159616.35
27.58355951309204,4.13,157242.85
27.594561338424683,4.14,159027.92
27.608026027679443,4.13,157613.75
27.619154691696167,4.14,159027.92
27.6313796043396,4.14,157779.04
27.643723011016846,4.14,158693.23
27.656949520111084,4.14,158193.51
27.66950488090515,4.14,158193.51
27.681842803955078,4.13,157613.75
27.692996978759766,4.13,157407.53
27.705100059509277,4.13,157696.31
27.717331171035767,4.13,157119.51
27.72985005378723,4.14,157903.14
27.74212098121643,4.13,156587.03
27.754523754119873,4.14,157820.4
27.766369581222534,4.13,156627.96
27.77485489845276,4.14,157903.14
27.787388563156128,4.13,156342.31
27.799821615219116,4.14,158152.03
27.812243461608887,4.13,156955.34
27.824800729751587,4.19,171524.37
27.83756947517395,4.13,156627.96
27.84978175163269,4.19,170861.04
27.8620183467865,4.13,156464.65
27.87433433532715,4.19,169640.46
27.88655710220337,4.13,156260.9
27.89871048927307,4.18,169267.81
27.910740852355957,4.13,156301.59
27.92288088798523,4.18,168250.23
27.935012817382812,4.13,156220.25
27.9465811252594,4.18,167882.68
27.95876932144165,4.13,156179.46
27.967352628707886,4.18,167745.17
27.97955822944641,4.13,156546.21
27.99200177192688,4.17,166380.75
28.004281520843506,4.13,157325.1
28.016734838485718,4.17,166833.5
28.028778314590454,4.14,157820.4
28.04121732711792,4.17,166697.4
28.053579092025757,4.13,157448.7
28.065744400024414,4.17,166109.98
28.07882785797119,4.13,157037.45
28.090177297592163,4.17,165570.92
28.102428674697876,4.13,157037.45
28.114699363708496,4.16,164147.34
28.12709140777588,4.13,157160.59
28.13904595375061,4.16,163926.78
28.147470712661743,4.13,157325.1
28.159870862960815,4.16,163180.4
28.17227554321289,4.13,157531.12
28.184382438659668,4.16,163443.15
28.19679021835327,4.13,157655.01
28.210088968276978,4.16,162570.04
28.222620248794556,4.14,157861.75
28.23491859436035,4.15,161532.46
28.24704122543335,4.14,158027.5
28.259337186813354,4.15,161446.54
28.2715003490448,4.14,157861.75
28.282580614089966,4.15,160718.84
28.29524254798889,4.13,157366.35
28.307352542877197,4.15,160038.87
28.319432973861694,4.13,157325.1
28.33188819885254,4.15,160250.81
28.34080958366394,4.13,157242.85
28.35269021987915,4.14,159405.79
28.365607976913452,4.14,157944.65
28.37820863723755,4.14,158986.04
28.389251947402954,4.14,158193.51
28.40140676498413,4.14,158693.23
28.413811206817627,4.14,158276.59
28.42629075050354,4.14,158276.59
28.438518285751343,4.14,157903.14
28.450767278671265,4.13,157613.75
28.46384024620056,4.13,157696.31
28.476216793060303,4.13,156750.56
28.488192796707153,4.14,157861.75
28.50023341178894,4.13,156587.03
28.51213574409485,4.14,157779.04
28.524312019348145,4.13,156301.59
28.533581256866455,4.14,157779.04
28.546218633651733,4.13,156627.96
28.55713939666748,4.14,158068.95
28.56972599029541,4.13,156996.45
28.582784175872803,4.14,158526.45
28.595078468322754,4.13,156668.81
28.607364654541016,4.19,171144.76
28.618542194366455,4.13,156627.96
28.632063627243042,4.19,170625.2
28.64440894126892,4.13,156057.6
28.656540632247925,4.19,170389.89
28.66867995262146,4.13,156179.46
28.68082356452942,4.18,169314.4
28.69283699989319,4.13,156750.56
28.70488429069519,4.18,169082.01
28.716754913330078,4.13,156301.59
28.72622799873352,4.18,167653.68
28.738829612731934,4.13,156098.21
28.750842094421387,4.18,167699.42
28.763182163238525,4.13,156791.57
28.775346755981445,4.18,167015.18
28.78761076927185,4.14,157944.65
28.7990243434906,4.17,165436.54
28.811187744140625,4.13,157489.92
28.823503494262695,4.17,164901.1
28.835702896118164,4.13,157119.51
28.848095417022705,4.16,163311.73
28.860400676727295,4.13,156750.56
28.872517108917236,4.16,162787.59
28.88468098640442,4.13,156996.45
28.897090435028076,4.15,161575.45
28.90922999382019,4.13,156873.43
28.917620420455933,4.15,160761.46
28.929877281188965,4.13,157448.7
28.94219732284546,4.15,161274.82
28.954703330993652,4.14,157944.65
28.967654943466187,4.15,160889.59
28.98010778427124,4.14,157820.4
28.991353273391724,4.15,161274.82
29.003554105758667,4.14,157986.06
29.01592206954956,4.15,160548.39
29.02817416191101,4.13,157613.75
29.040295600891113,4.14,159700.78
29.05255103111267,4.13,157531.12
29.06490707397461,4.14,158818.64
29.07754683494568,4.13,157737.71
29.08965754508972,4.14,158735.09
29.097936391830444,4.14,157861.75
29.11011505126953,4.14,158860.43
29.122564792633057,4.13,157531.12
29.13501262664795,4.14,158359.84
29.1469247341156,4.14,158193.51
29.15940260887146,4.14,157986.06
29.171555519104004,4.14,158484.7
29.18379020690918,4.14,158068.95
29.19615626335144,4.14,158484.7
29.20846128463745,4.14,158110.42
29.22067618370056,4.14,158110.42
29.233121395111084,4.13,157283.96
29.245342254638672,4.14,157861.75
29.25737714767456,4.13,156832.48
29.269484519958496,4.14,158110.42
29.282028675079346,4.13,156627.96
29.2905330657959,4.14,158027.5
29.30252742767334,4.13,156464.65
29.315845012664795,4.14,158318.26
29.327162981033325,4.13,156914.37
29.339447736740112,4.14,158651.53
29.351587533950806,4.13,157078.48
29.364049911499023,4.19,170813.75
29.376211404800415,4.13,156791.57
29.388464212417603,4.19,169500.53
29.401818990707397,4.13,156301.59
29.413283348083496,4.18,167699.42
29.425293684005737,4.13,156138.84
29.43754529953003,4.18,167562.15
29.450079679489136,4.13,156791.57
29.462120056152344,4.17,166019.98
29.474249601364136,4.13,156955.34
29.48285460472107,4.17,164901.1
29.495169401168823,4.13,156750.56
29.50784969329834,4.17,165168.46
29.519696474075317,4.13,157160.59
29.53196096420288,4.16,164368.43
29.54434037208557,4.13,157160.59
29.55696964263916,4.16,163926.78
29.568705797195435,4.14,157820.4
29.581400156021118,4.16,163794.62
29.593363523483276,4.13,157572.48
29.606700658798218,4.16,162396.32
29.618685007095337,4.13,157201.76
29.6300528049469,4.15,161575.45
29.642374277114868,4.13,156668.81
29.654545783996582,4.15,161317.7
29.666844367980957,4.13,157201.76
29.675384044647217,4.15,160932.28
29.687633752822876,4.13,157325.1
29.699811458587646,4.15,160463.34
29.712398529052734,4.14,158068.95
29.724501848220825,4.15,160081.31
29.736727952957153,4.14,158193.51
29.74919891357422,4.14,159447.84
29.761329412460327,4.14,157820.4
29.773539781570435,4.14,159532.12
29.78589153289795,4.13,157407.53
29.79847288131714,4.14,158110.42
29.81051015853882,4.14,157820.4
29.822633981704712,4.14,158152.03
29.835060596466064,4.14,158068.95
29.847276210784912,4.14,158027.5
29.859487056732178,4.13,157737.71
29.86781668663025,4.14,157779.04
29.88008403778076,4.13,157613.75
29.89229655265808,4.13,157737.71
29.90560007095337,4.14,158027.5
29.91817855834961,4.14,158068.95
29.929184198379517,4.14,158443.06
29.941402196884155,4.13,157696.31
29.954081058502197,4.14,158152.03
29.966372966766357,4.13,157448.7
29.97865080833435,4.14,158110.42
29.990668535232544,4.13,157078.48
30.0029354095459,4.14,157903.14
30.015023946762085,4.13,156546.21
30.027234315872192,4.13,157696.31
30.039518356323242,4.13,155935.81
30.051978588104248,4.19,171429.28
30.061522245407104,4.13,156423.87
30.072832345962524,4.19,170108.14
30.084770679473877,4.13,156668.81
30.097155570983887,4.19,169733.78
30.10937738418579,4.13,156955.34
30.12171983718872,4.18,168388.34
30.134085416793823,4.13,156873.43
30.14622402191162,4.18,167928.54
30.158820867538452,4.13,156791.57
30.17115020751953,4.17,166155.15
30.18445873260498,4.13,156546.21
30.195307731628418,4.17,165302.46
30.20762062072754,4.13,156627.96
30.21976613998413,4.17,165079.18
30.23199486732483,4.13,156627.96
30.24430513381958,4.16,164103.23
30.252864360809326,4.13,156996.45
30.265032529830933,4.16,163662.75
30.277522325515747,4.13,157119.51
30.289767265319824,4.16,163355.53
30.302379369735718,4.13,157366.35
30.314576625823975,4.16,163180.4
30.32657742500305,4.13,157572.48
30.338788270950317,4.15,162179.64
30.351013898849487,4.13,157448.7
30.363338470458984,4.15,161920.28
30.375692129135132,4.13,157119.51
30.387843370437622,4.15,160761.46
30.4000186920166,4.13,157325.1
30.413009881973267,4.15,160846.89
30.424656629562378,4.13,157407.53
30.436980485916138,4.14,159700.78
30.445210933685303,4.13,157325.1
30.457571029663086,4.14,159153.75
30.469910383224487,4.14,158193.51
30.483256578445435,4.14,158735.09
30.495437145233154,4.14,158443.06
30.507967233657837,4.14,159490.03
30.51896357536316,4.14,158443.06
30.531396627426147,4.14,159237.64
30.54347825050354,4.14,157820.4
30.556188106536865,4.14,158568.12
30.56834650039673,4.14,158027.5
30.58035111427307,4.14,158027.5
30.59271001815796,4.14,157861.75
30.605060815811157,4.14,157861.75
30.61712884902954,4.13,157448.7
30.6255042552948,4.14,158027.5
30.63800597190857,4.13,157655.01
30.65013575553894,4.14,158484.7
30.66247296333313,4.14,158235.04
30.67488670349121,4.14,158526.45
30.687185287475586,4.14,158276.59
30.69957423210144,4.13,157737.71
30.71145725250244,4.14,158276.59
30.723700046539307,4.13,157201.76
30.736157655715942,4.14,158068.95
30.74937868118286,4.13,156832.48
30.761590003967285,4.14,158193.51
30.773698091506958,4.13,156464.65
30.785683393478394,4.14,157861.75
30.797338247299194,4.13,156057.6
30.809688568115234,4.14,158484.7
30.818053007125854,4.13,156546.21
30.830419063568115,4.19,170861.04
30.843732833862305,4.13,156587.03
30.856107711791992,4.19,170672.29
30.867287397384644,4.13,156709.68
30.879723072052002,4.18,169221.35
30.892176389694214,4.13,156996.45
30.904541015625,4.18,168020.39
30.917476654052734,4.13,156587.03
30.92987060546875,4.17,166155.15
30.94205069541931,4.13,156627.96
30.954102993011475,4.17,165930.04
30.965306758880615,4.13,156750.56
30.97748589515686,4.17,165705.35
30.989707946777344,4.13,157119.51
31.002095222473145,4.17,164678.82
31.010614156723022,4.13,157119.51
31.022860765457153,4.16,164059.0
31.03524661064148,4.13,157407.53
31.047359704971313,4.17,165795.2
31.05993151664734,4.13,157160.59
31.07198452949524,4.17,165123.87
31.08416247367859,4.13,157366.35
31.096603393554688,4.16,163662.75
31.108988761901855,4.13,157119.51
31.121389389038086,4.16,162613.48
31.13376474380493,4.13,157037.45
31.145506381988525,4.15,161661.6
31.157748699188232,4.13,156750.56
31.170603275299072,4.15,161747.71
31.182215452194214,4.13,156709.68
31.194528341293335,4.15,160718.84
31.203936100006104,4.13,157078.48
31.215277671813965,4.15,160335.78
31.22762966156006,4.13,157737.71
31.239800691604614,4.15,160081.31
31.25217080116272,4.14,158318.26
31.26448917388916,4.14,159785.15
31.27704906463623,4.14,158068.95
31.28911542892456,4.14,159069.81
31.3012375831604,4.14,157779.04
31.313960313796997,4.14,158443.06
31.326094150543213,4.13,157655.01
31.338115215301514,4.14,158401.43
31.350560188293457,4.13,157737.71
31.362764835357666,4.14,157861.75
31.374993801116943,4.13,157572.48
31.38396120071411,4.13,157201.76
31.396713972091675,4.13,157489.92
31.408957481384277,4.13,157655.01
31.420197010040283,4.14,158359.84
31.433640241622925,4.13,157655.01
31.44591498374939,4.14,158484.7
31.458101749420166,4.13,157366.35
31.470298290252686,4.14,158693.23
31.482829093933105,4.13,156832.48
31.495039701461792,4.14,158693.23
31.50741457939148,4.13,156627.96
31.519397497177124,4.14,158027.5
31.530598163604736,4.13,156342.31
31.542978525161743,4.14,157986.06
31.555077075958252,4.13,156301.59
31.567455530166626,4.19,170061.31
31.57598376274109,4.13,156342.31
31.58811044692993,4.19,169500.53
31.600366830825806,4.13,156505.42
31.61397695541382,4.18,169035.64
31.626166582107544,4.13,156791.57
31.638339042663574,4.18,167790.95
31.65060591697693,4.13,156750.56
31.66315460205078,4.18,167106.1
31.67515468597412,4.13,157407.53
31.687544345855713,4.17,166019.98
31.699806690216064,4.13,156996.45
31.71193790435791,4.17,165750.32
31.724072694778442,4.13,157119.51
31.736015796661377,4.17,164945.6
31.747613430023193,4.13,156955.34
31.759724855422974,4.16,164368.43
31.768479824066162,4.13,156750.56
31.780851125717163,4.16,163399.32
31.793383598327637,4.13,157325.1
31.806119441986084,4.16,163574.82
31.818745613098145,4.13,157737.71
31.83084273338318,4.16,163224.14
31.842010498046875,4.13,157531.12
31.855501890182495,4.15,162093.14
31.86764931678772,4.13,157242.85
31.87996792793274,4.15,161060.62
31.892226934432983,4.13,157448.7
31.90434956550598,4.15,160846.89
31.915786266326904,4.14,157779.04
31.927957773208618,4.15,160633.51
31.940263271331787,4.13,157366.35
31.952632427215576,4.14,159742.96
31.961956024169922,4.13,157325.1
31.974512577056885,4.14,159237.64
31.98651671409607,4.13,157737.71
31.998802185058594,4.14,158944.18
32.01102066040039,4.14,157986.06
32.02327227592468,4.14,158693.23
32.03568077087402,4.14,158443.06
32.04782748222351,4.14,158526.45
32.060287952423096,4.14,158152.03
32.07144069671631,4.14,157820.4
32.08386945724487,4.14,157986.06
32.09614849090576,4.13,157655.01
32.108598470687866,4.14,157986.06
32.12037706375122,4.13,157037.45
32.132705211639404,4.14,157861.75
32.14479446411133,4.13,156505.42
32.153141021728516,4.14,157944.65
32.1665940284729,4.13,156464.65
32.17895293235779,4.14,158235.04
32.19133949279785,4.13,156996.45
32.20372676849365,4.14,158401.43
32.215909481048584,4.13,156955.34
32.228127241134644,4.14,158443.06
32.239219188690186,4.13,156546.21
32.25279974937439,4.19,170766.57
32.26504707336426,4.13,156138.84
32.27734637260437,4.19,169967.68
32.289432525634766,4.13,156587.03
32.300580739974976,4.18,168896.65
32.31343364715576,4.13,156179.46
32.32546877861023,4.18,168665.32
32.33746886253357,4.13,156832.48
